backend,job_id,timestamp,job_submit_time,calibration_snapshot,n,patch_qubits,observable_edge,L,k,resilience_level,shots,seed,param_hash,arm,p,K,mask_seed,rep_delay_submitted,rep_delay_submitted_us,ev_plus,ev_minus,std_plus,std_minus,ensemble_se_plus,ensemble_se_minus,gradient,transpiled_depth,two_qubit_gates,fractional_gates
ibm_phoenix,dao2pqv8gn2s739nabkg,2026-09-21T01:50:01.328579+00:00,2026-09-20T18:58:51.820228+00:00,data/calibrations/ibm_phoenix_properties_2026-09-20T185845Z.json,85,20 21 22 23 25 26 28 29 30 31 32 33 34 35 36 37 38 39 40 41 42 43 44 45 46 47 48 50 51 52 53 54 56 57 58 60 64 65 66 68 69 70 71 74 75 76 78 79 80 81 82 83 84 85 86 87 88 89 90 91 92 93 94 95 96 97 98 99 100 101 102 103 104 105 106 108 109 111 112 113 115 116 117 118 119,75_85,8,1,0,16384,24292001,12f5d267b33627f223bfb867095b9008231ca0bd50a0e7379f8068f779cc75ae,grid,,,,default,default,0.0008544921875,0.0164794921875,0.007812497147824095,0.007811439093346384,0.007812497147824095,0.007811439093346384,-0.0078125,64,1032,False
ibm_phoenix,dao2pqv8gn2s739nabkg,2026-09-21T01:50:01.328652+00:00,2026-09-20T18:58:51.820228+00:00,data/calibrations/ibm_phoenix_properties_2026-09-20T185845Z.json,85,20 21 22 23 25 26 28 29 30 31 32 33 34 35 36 37 38 39 40 41 42 43 44 45 46 47 48 50 51 52 53 54 56 57 58 60 64 65 66 68 69 70 71 74 75 76 78 79 80 81 82 83 84 85 86 87 88 89 90 91 92 93 94 95 96 97 98 99 100 101 102 103 104 105 106 108 109 111 112 113 115 116 117 118 119,75_85,8,1,0,16384,24292002,a20c2cd526551430f1f89cebeecf8036c10f4b4e417457e85e8e01534881c358,grid,,,,default,default,-0.003173828125,-0.00537109375,0.007812460651522131,0.007812387309155721,0.007812460651522131,0.007812387309155721,0.0010986328125,64,1032,False
ibm_phoenix,dao2pqv8gn2s739nabkg,2026-09-21T01:50:01.328700+00:00,2026-09-20T18:58:51.820228+00:00,data/calibrations/ibm_phoenix_properties_2026-09-20T185845Z.json,85,20 21 22 23 25 26 28 29 30 31 32 33 34 35 36 37 38 39 40 41 42 43 44 45 46 47 48 50 51 52 53 54 56 57 58 60 64 65 66 68 69 70 71 74 75 76 78 79 80 81 82 83 84 85 86 87 88 89 90 91 92 93 94 95 96 97 98 99 100 101 102 103 104 105 106 108 109 111 112 113 115 116 117 118 119,75_85,8,1,0,16384,24292003,e8d2599f4f8e216fe026303fb8b8c8189dc017d311ef2d5c283c4fb4314950a1,grid,,,,default,default,0.01123046875,-0.0384521484375,0.007812007314822752,0.007806722208341769,0.007812007314822752,0.007806722208341769,0.02484130859375,64,1032,False
ibm_phoenix,dao2pqv8gn2s739nabkg,2026-09-21T01:50:01.328745+00:00,2026-09-20T18:58:51.820228+00:00,data/calibrations/ibm_phoenix_properties_2026-09-20T185845Z.json,85,20 21 22 23 25 26 28 29 30 31 32 33 34 35 36 37 38 39 40 41 42 43 44 45 46 47 48 50 51 52 53 54 56 57 58 60 64 65 66 68 69 70 71 74 75 76 78 79 80 81 82 83 84 85 86 87 88 89 90 91 92 93 94 95 96 97 98 99 100 101 102 103 104 105 106 108 109 111 112 113 115 116 117 118 119,75_85,8,1,0,16384,24292004,cde9db88a56f0ade078e9d88c87a75c7048a24346c62883198925c5b31672a6d,grid,,,,default,default,0.0595703125,-0.029052734375,0.007798625875354003,0.007809202189219637,0.007798625875354003,0.007809202189219637,0.0443115234375,64,1032,False
ibm_phoenix,dao2pqv8gn2s739nabkg,2026-09-21T01:50:01.328790+00:00,2026-09-20T18:58:51.820228+00:00,data/calibrations/ibm_phoenix_properties_2026-09-20T185845Z.json,85,20 21 22 23 25 26 28 29 30 31 32 33 34 35 36 37 38 39 40 41 42 43 44 45 46 47 48 50 51 52 53 54 56 57 58 60 64 65 66 68 69 70 71 74 75 76 78 79 80 81 82 83 84 85 86 87 88 89 90 91 92 93 94 95 96 97 98 99 100 101 102 103 104 105 106 108 109 111 112 113 115 116 117 118 119,75_85,8,1,0,16384,24292005,4b19488842d549f75d8289b2798654f4289e0a5b70a4112d105bbd73403323af,grid,,,,default,default,-0.004638671875,0.00634765625,0.007812415947685494,0.007812342604899404,0.007812415947685494,0.007812342604899404,-0.0054931640625,64,1032,False
ibm_phoenix,dao2pqv8gn2s739nabkg,2026-09-21T01:50:01.328830+00:00,2026-09-20T18:58:51.820228+00:00,data/calibrations/ibm_phoenix_properties_2026-09-20T185845Z.json,85,20 21 22 23 25 26 28 29 30 31 32 33 34 35 36 37 38 39 40 41 42 43 44 45 46 47 48 50 51 52 53 54 56 57 58 60 64 65 66 68 69 70 71 74 75 76 78 79 80 81 82 83 84 85 86 87 88 89 90 91 92 93 94 95 96 97 98 99 100 101 102 103 104 105 106 108 109 111 112 113 115 116 117 118 119,75_85,8,1,0,16384,24292006,a99fdbf4664c9f5fac25a68509c09ee85ad51f0b81dcf01976ac8472fce6a202,grid,,,,default,default,-0.008544921875,0.00146484375,0.007812214777254995,0.007812491618092332,0.007812214777254995,0.007812491618092332,-0.0050048828125,64,1032,False
ibm_phoenix,dao2pqv8gn2s739nabkg,2026-09-21T01:50:01.328868+00:00,2026-09-20T18:58:51.820228+00:00,data/calibrations/ibm_phoenix_properties_2026-09-20T185845Z.json,85,20 21 22 23 25 26 28 29 30 31 32 33 34 35 36 37 38 39 40 41 42 43 44 45 46 47 48 50 51 52 53 54 56 57 58 60 64 65 66 68 69 70 71 74 75 76 78 79 80 81 82 83 84 85 86 87 88 89 90 91 92 93 94 95 96 97 98 99 100 101 102 103 104 105 106 108 109 111 112 113 115 116 117 118 119,75_85,8,1,0,16384,24292007,f56e8822eeb77adec4cf1bf1dd1f7e6e0380e2fbcd381e20db4eee9bb6b5d69e,grid,,,,default,default,0.010986328125,0.0029296875,0.007812028503718841,0.007812466472315371,0.007812028503718841,0.007812466472315371,0.0040283203125,64,1032,False
ibm_phoenix,dao2pqv8gn2s739nabkg,2026-09-21T01:50:01.328904+00:00,2026-09-20T18:58:51.820228+00:00,data/calibrations/ibm_phoenix_properties_2026-09-20T185845Z.json,85,20 21 22 23 25 26 28 29 30 31 32 33 34 35 36 37 38 39 40 41 42 43 44 45 46 47 48 50 51 52 53 54 56 57 58 60 64 65 66 68 69 70 71 74 75 76 78 79 80 81 82 83 84 85 86 87 88 89 90 91 92 93 94 95 96 97 98 99 100 101 102 103 104 105 106 108 109 111 112 113 115 116 117 118 119,75_85,8,1,0,16384,24292008,20e3053cc736c7250f403222f4a62737fa688f71d2b8665b2bc34962af56b28a,grid,,,,default,default,-0.001708984375,-0.0126953125,0.007812488591290131,0.007811870400570252,0.007812488591290131,0.007811870400570252,0.0054931640625,64,1032,False
ibm_phoenix,dao2pqv8gn2s739nabkg,2026-09-21T01:50:01.328937+00:00,2026-09-20T18:58:51.820228+00:00,data/calibrations/ibm_phoenix_properties_2026-09-20T185845Z.json,85,20 21 22 23 25 26 28 29 30 31 32 33 34 35 36 37 38 39 40 41 42 43 44 45 46 47 48 50 51 52 53 54 56 57 58 60 64 65 66 68 69 70 71 74 75 76 78 79 80 81 82 83 84 85 86 87 88 89 90 91 92 93 94 95 96 97 98 99 100 101 102 103 104 105 106 108 109 111 112 113 115 116 117 118 119,75_85,8,1,0,16384,24292009,a942e85fabb71305e6551cf38086c558366407227c37b93efa232ca42a1ee596,grid,,,,default,default,0.0111083984375,0.0068359375,0.007812017967489234,0.0078123174586428095,0.007812017967489234,0.0078123174586428095,0.00213623046875,64,1032,False
ibm_phoenix,dao2pqv8gn2s739nabkg,2026-09-21T01:50:01.328971+00:00,2026-09-20T18:58:51.820228+00:00,data/calibrations/ibm_phoenix_properties_2026-09-20T185845Z.json,85,20 21 22 23 25 26 28 29 30 31 32 33 34 35 36 37 38 39 40 41 42 43 44 45 46 47 48 50 51 52 53 54 56 57 58 60 64 65 66 68 69 70 71 74 75 76 78 79 80 81 82 83 84 85 86 87 88 89 90 91 92 93 94 95 96 97 98 99 100 101 102 103 104 105 106 108 109 111 112 113 115 116 117 118 119,75_85,8,1,0,16384,24292010,6dd812a00b253f4f6d1d685118e3140c46bc482dedfe0455e78d58c4a52edf61,grid,,,,default,default,0.02001953125,-0.00390625,0.007810934289859384,0.007812440395127849,0.007810934289859384,0.007812440395127849,0.011962890625,64,1032,False
ibm_phoenix,dao2pqv8gn2s739nabkg,2026-09-21T01:50:01.329003+00:00,2026-09-20T18:58:51.820228+00:00,data/calibrations/ibm_phoenix_properties_2026-09-20T185845Z.json,85,20 21 22 23 25 26 28 29 30 31 32 33 34 35 36 37 38 39 40 41 42 43 44 45 46 47 48 50 51 52 53 54 56 57 58 60 64 65 66 68 69 70 71 74 75 76 78 79 80 81 82 83 84 85 86 87 88 89 90 91 92 93 94 95 96 97 98 99 100 101 102 103 104 105 106 108 109 111 112 113 115 116 117 118 119,75_85,8,1,0,16384,24292011,6be3af30d103c14a6114bf8c31edce5481c9d655fdd49c5da34f9a5f356ca8c5,grid,,,,default,default,-0.010986328125,-0.0081787109375,0.007812028503718841,0.007812238701440435,0.007812028503718841,0.007812238701440435,-0.00140380859375,64,1032,False
ibm_phoenix,dao2pqv8gn2s739nabkg,2026-09-21T01:50:01.329035+00:00,2026-09-20T18:58:51.820228+00:00,data/calibrations/ibm_phoenix_properties_2026-09-20T185845Z.json,85,20 21 22 23 25 26 28 29 30 31 32 33 34 35 36 37 38 39 40 41 42 43 44 45 46 47 48 50 51 52 53 54 56 57 58 60 64 65 66 68 69 70 71 74 75 76 78 79 80 81 82 83 84 85 86 87 88 89 90 91 92 93 94 95 96 97 98 99 100 101 102 103 104 105 106 108 109 111 112 113 115 116 117 118 119,75_85,8,1,0,16384,24292012,f2eadf1e43a65c5a0878bb049e2080958514d70acb5dc98b6576b5a0215d3689,grid,,,,default,default,0.0220947265625,0.0057373046875,0.0078105928260328115,0.007812371418218913,0.0078105928260328115,0.007812371418218913,0.0081787109375,64,1032,False
ibm_phoenix,dao2pqv8gn2s739nabkg,2026-09-21T01:50:01.329067+00:00,2026-09-20T18:58:51.820228+00:00,data/calibrations/ibm_phoenix_properties_2026-09-20T185845Z.json,85,20 21 22 23 25 26 28 29 30 31 32 33 34 35 36 37 38 39 40 41 42 43 44 45 46 47 48 50 51 52 53 54 56 57 58 60 64 65 66 68 69 70 71 74 75 76 78 79 80 81 82 83 84 85 86 87 88 89 90 91 92 93 94 95 96 97 98 99 100 101 102 103 104 105 106 108 109 111 112 113 115 116 117 118 119,75_85,8,1,0,16384,24292013,24a1f7c82cd3614e3e02252e0c2b60dfb0c39059af45d70b9acd37a902b47450,grid,,,,default,default,-0.0235595703125,0.0252685546875,0.0078103315218916065,0.007810005461683349,0.0078103315218916065,0.007810005461683349,-0.0244140625,64,1032,False
ibm_phoenix,dao2pqv8gn2s739nabkg,2026-09-21T01:50:01.329097+00:00,2026-09-20T18:58:51.820228+00:00,data/calibrations/ibm_phoenix_properties_2026-09-20T185845Z.json,85,20 21 22 23 25 26 28 29 30 31 32 33 34 35 36 37 38 39 40 41 42 43 44 45 46 47 48 50 51 52 53 54 56 57 58 60 64 65 66 68 69 70 71 74 75 76 78 79 80 81 82 83 84 85 86 87 88 89 90 91 92 93 94 95 96 97 98 99 100 101 102 103 104 105 106 108 109 111 112 113 115 116 117 118 119,75_85,8,1,0,16384,24292014,d83ca338bc8cea2fe91e68721f69561c28514bafdbe5c1c630c549fff95fec3d,grid,,,,default,default,-0.0081787109375,0.012451171875,0.007812238701440435,0.007811894384022531,0.007812238701440435,0.007811894384022531,-0.01031494140625,64,1032,False
ibm_phoenix,dao2pqv8gn2s739nabkg,2026-09-21T01:50:01.329128+00:00,2026-09-20T18:58:51.820228+00:00,data/calibrations/ibm_phoenix_properties_2026-09-20T185845Z.json,85,20 21 22 23 25 26 28 29 30 31 32 33 34 35 36 37 38 39 40 41 42 43 44 45 46 47 48 50 51 52 53 54 56 57 58 60 64 65 66 68 69 70 71 74 75 76 78 79 80 81 82 83 84 85 86 87 88 89 90 91 92 93 94 95 96 97 98 99 100 101 102 103 104 105 106 108 109 111 112 113 115 116 117 118 119,75_85,8,1,0,16384,24292015,2bfb3bc73ee5d3e6b2a8e1731e3a18d22e8847dbd475a69f7b2fca88c1948593,grid,,,,default,default,0.003173828125,0.01318359375,0.007812460651522131,0.00781182103633964,0.007812460651522131,0.00781182103633964,-0.0050048828125,64,1032,False
ibm_phoenix,dao2pqv8gn2s739nabkg,2026-09-21T01:50:01.329160+00:00,2026-09-20T18:58:51.820228+00:00,data/calibrations/ibm_phoenix_properties_2026-09-20T185845Z.json,85,20 21 22 23 25 26 28 29 30 31 32 33 34 35 36 37 38 39 40 41 42 43 44 45 46 47 48 50 51 52 53 54 56 57 58 60 64 65 66 68 69 70 71 74 75 76 78 79 80 81 82 83 84 85 86 87 88 89 90 91 92 93 94 95 96 97 98 99 100 101 102 103 104 105 106 108 109 111 112 113 115 116 117 118 119,75_85,8,1,0,16384,24292016,c111af3989bc331551b74c828becd8eaf567c19ce96cedf0f81c732c24a07368,grid,,,,default,default,0.02880859375,-0.0059814453125,0.007809257393189832,0.0078123602421560825,0.007809257393189832,0.0078123602421560825,0.01739501953125,64,1032,False
ibm_phoenix,dao2pqv8gn2s739nabkg,2026-09-21T01:50:01.329191+00:00,2026-09-20T18:58:51.820228+00:00,data/calibrations/ibm_phoenix_properties_2026-09-20T185845Z.json,85,20 21 22 23 25 26 28 29 30 31 32 33 34 35 36 37 38 39 40 41 42 43 44 45 46 47 48 50 51 52 53 54 56 57 58 60 64 65 66 68 69 70 71 74 75 76 78 79 80 81 82 83 84 85 86 87 88 89 90 91 92 93 94 95 96 97 98 99 100 101 102 103 104 105 106 108 109 111 112 113 115 116 117 118 119,75_85,8,1,0,16384,24292017,4534b1c98d2e19af20d27918261d2e24a637f65f9bee1894dbe5a8b14af6acf2,grid,,,,default,default,0.0029296875,0.0064697265625,0.007812466472315371,0.0078123364929694825,0.007812466472315371,0.0078123364929694825,-0.00177001953125,64,1032,False
ibm_phoenix,dao2pqv8gn2s739nabkg,2026-09-21T01:50:01.329222+00:00,2026-09-20T18:58:51.820228+00:00,data/calibrations/ibm_phoenix_properties_2026-09-20T185845Z.json,85,20 21 22 23 25 26 28 29 30 31 32 33 34 35 36 37 38 39 40 41 42 43 44 45 46 47 48 50 51 52 53 54 56 57 58 60 64 65 66 68 69 70 71 74 75 76 78 79 80 81 82 83 84 85 86 87 88 89 90 91 92 93 94 95 96 97 98 99 100 101 102 103 104 105 106 108 109 111 112 113 115 116 117 118 119,75_85,8,1,0,16384,24292018,60cd925497d24c5010f0f33d9e1d2216b5f4ac57cd44ac879c4cd20ed75af870,grid,,,,default,default,-0.018798828125,0.020263671875,0.0078111194251306105,0.007810895865007928,0.0078111194251306105,0.007810895865007928,-0.01953125,64,1032,False
ibm_phoenix,dao2pqv8gn2s739nabkg,2026-09-21T01:50:01.329253+00:00,2026-09-20T18:58:51.820228+00:00,data/calibrations/ibm_phoenix_properties_2026-09-20T185845Z.json,85,20 21 22 23 25 26 28 29 30 31 32 33 34 35 36 37 38 39 40 41 42 43 44 45 46 47 48 50 51 52 53 54 56 57 58 60 64 65 66 68 69 70 71 74 75 76 78 79 80 81 82 83 84 85 86 87 88 89 90 91 92 93 94 95 96 97 98 99 100 101 102 103 104 105 106 108 109 111 112 113 115 116 117 118 119,75_85,8,1,0,16384,24292019,7b685c599ddb3ac1032b4e2a03cc59550cc5122c7e307a693b5325fbe90d67c3,grid,,,,default,default,0.0203857421875,0.0042724609375,0.007810876477852038,0.007812428695289982,0.007810876477852038,0.007812428695289982,0.008056640625,64,1032,False
ibm_phoenix,dao2pqv8gn2s739nabkg,2026-09-21T01:50:01.329284+00:00,2026-09-20T18:58:51.820228+00:00,data/calibrations/ibm_phoenix_properties_2026-09-20T185845Z.json,85,20 21 22 23 25 26 28 29 30 31 32 33 34 35 36 37 38 39 40 41 42 43 44 45 46 47 48 50 51 52 53 54 56 57 58 60 64 65 66 68 69 70 71 74 75 76 78 79 80 81 82 83 84 85 86 87 88 89 90 91 92 93 94 95 96 97 98 99 100 101 102 103 104 105 106 108 109 111 112 113 115 116 117 118 119,75_85,8,1,0,16384,24292020,bd8f86dece121569ed6496015b2a029de452ab04749d308dce9025996faf7b0a,grid,,,,default,default,0.0032958984375,0.0068359375,0.0078124575664999555,0.0078123174586428095,0.0078124575664999555,0.0078123174586428095,-0.00177001953125,64,1032,False
ibm_phoenix,dao2pqv8gn2s739nabkg,2026-09-21T01:50:01.329315+00:00,2026-09-20T18:58:51.820228+00:00,data/calibrations/ibm_phoenix_properties_2026-09-20T185845Z.json,85,20 21 22 23 25 26 28 29 30 31 32 33 34 35 36 37 38 39 40 41 42 43 44 45 46 47 48 50 51 52 53 54 56 57 58 60 64 65 66 68 69 70 71 74 75 76 78 79 80 81 82 83 84 85 86 87 88 89 90 91 92 93 94 95 96 97 98 99 100 101 102 103 104 105 106 108 109 111 112 113 115 116 117 118 119,75_85,8,1,0,16384,24292021,fec0f2ac22e8f06081b548a9d28d0d20d78c47839950f72ce45a1c589b74bb6e,grid,,,,default,default,0.014404296875,0.005126953125,0.007811689474484538,0.0078123973210113985,0.007811689474484538,0.0078123973210113985,0.004638671875,64,1032,False
ibm_phoenix,dao2pqv8gn2s739nabkg,2026-09-21T01:50:01.329345+00:00,2026-09-20T18:58:51.820228+00:00,data/calibrations/ibm_phoenix_properties_2026-09-20T185845Z.json,85,20 21 22 23 25 26 28 29 30 31 32 33 34 35 36 37 38 39 40 41 42 43 44 45 46 47 48 50 51 52 53 54 56 57 58 60 64 65 66 68 69 70 71 74 75 76 78 79 80 81 82 83 84 85 86 87 88 89 90 91 92 93 94 95 96 97 98 99 100 101 102 103 104 105 106 108 109 111 112 113 115 116 117 118 119,75_85,8,1,0,16384,24292022,663971fce819d95abc95226635f372d6f44440196fff13363f982694b0056816,grid,,,,default,default,-0.000732421875,-0.005859375,0.007812497904523926,0.007812365888398156,0.007812497904523926,0.007812365888398156,0.0025634765625,64,1032,False
ibm_phoenix,dao2pqv8gn2s739nabkg,2026-09-21T01:50:01.329376+00:00,2026-09-20T18:58:51.820228+00:00,data/calibrations/ibm_phoenix_properties_2026-09-20T185845Z.json,85,20 21 22 23 25 26 28 29 30 31 32 33 34 35 36 37 38 39 40 41 42 43 44 45 46 47 48 50 51 52 53 54 56 57 58 60 64 65 66 68 69 70 71 74 75 76 78 79 80 81 82 83 84 85 86 87 88 89 90 91 92 93 94 95 96 97 98 99 100 101 102 103 104 105 106 108 109 111 112 113 115 116 117 118 119,75_85,8,1,0,16384,24292023,0348881b8ff90d85b0bdd81e71982f2417f7f598d96c95992bb70708fd8ce242,grid,,,,default,default,-0.01123046875,-0.0037841796875,0.007812007314822752,0.007812444062237604,0.007812007314822752,0.007812444062237604,-0.00372314453125,64,1032,False
ibm_phoenix,dao2pqv8gn2s739nabkg,2026-09-21T01:50:01.329406+00:00,2026-09-20T18:58:51.820228+00:00,data/calibrations/ibm_phoenix_properties_2026-09-20T185845Z.json,85,20 21 22 23 25 26 28 29 30 31 32 33 34 35 36 37 38 39 40 41 42 43 44 45 46 47 48 50 51 52 53 54 56 57 58 60 64 65 66 68 69 70 71 74 75 76 78 79 80 81 82 83 84 85 86 87 88 89 90 91 92 93 94 95 96 97 98 99 100 101 102 103 104 105 106 108 109 111 112 113 115 116 117 118 119,75_85,8,1,0,16384,24292024,fd575871d4ed20cd779bcb5598383eff5ad9f110a84ccb4b0292ac1ae15c3eb0,grid,,,,default,default,0.018798828125,-0.0018310546875,0.0078111194251306105,0.007812486903265317,0.0078111194251306105,0.007812486903265317,0.01031494140625,64,1032,False
ibm_phoenix,dao2pqv8gn2s739nabkg,2026-09-21T01:50:01.329436+00:00,2026-09-20T18:58:51.820228+00:00,data/calibrations/ibm_phoenix_properties_2026-09-20T185845Z.json,85,20 21 22 23 25 26 28 29 30 31 32 33 34 35 36 37 38 39 40 41 42 43 44 45 46 47 48 50 51 52 53 54 56 57 58 60 64 65 66 68 69 70 71 74 75 76 78 79 80 81 82 83 84 85 86 87 88 89 90 91 92 93 94 95 96 97 98 99 100 101 102 103 104 105 106 108 109 111 112 113 115 116 117 118 119,75_85,8,1,0,16384,24292025,f3a54cf3c0016ed98879d71ed4edef4772e9773e1088ae05e98d6275574b57b0,grid,,,,default,default,0.025634765625,-0.01611328125,0.0078099326203016515,0.007811485723875856,0.0078099326203016515,0.007811485723875856,0.0208740234375,64,1032,False
ibm_phoenix,dao2pqv8gn2s739nabkg,2026-09-21T01:50:01.329466+00:00,2026-09-20T18:58:51.820228+00:00,data/calibrations/ibm_phoenix_properties_2026-09-20T185845Z.json,85,20 21 22 23 25 26 28 29 30 31 32 33 34 35 36 37 38 39 40 41 42 43 44 45 46 47 48 50 51 52 53 54 56 57 58 60 64 65 66 68 69 70 71 74 75 76 78 79 80 81 82 83 84 85 86 87 88 89 90 91 92 93 94 95 96 97 98 99 100 101 102 103 104 105 106 108 109 111 112 113 115 116 117 118 119,75_85,8,1,0,16384,24292026,a2e8b4f22ca65115b0412ff1802a32f7097e8889a6b75c8ea476af0b27b7fea7,grid,,,,default,default,0.0244140625,0.0123291015625,0.00781017134651533,0.007811906201084804,0.00781017134651533,0.007811906201084804,0.00604248046875,64,1032,False
ibm_phoenix,dao2pqv8gn2s739nabkg,2026-09-21T01:50:01.329521+00:00,2026-09-20T18:58:51.820228+00:00,data/calibrations/ibm_phoenix_properties_2026-09-20T185845Z.json,85,20 21 22 23 25 26 28 29 30 31 32 33 34 35 36 37 38 39 40 41 42 43 44 45 46 47 48 50 51 52 53 54 56 57 58 60 64 65 66 68 69 70 71 74 75 76 78 79 80 81 82 83 84 85 86 87 88 89 90 91 92 93 94 95 96 97 98 99 100 101 102 103 104 105 106 108 109 111 112 113 115 116 117 118 119,75_85,8,1,0,16384,24292027,46e4ad72d86606637e531be8000df18e30a22b1c6cb5d9956736e2af46775871,grid,,,,default,default,0.0023193359375,0.0291748046875,0.007812478987006152,0.0078091744123908536,0.007812478987006152,0.0078091744123908536,-0.013427734375,64,1032,False
ibm_phoenix,dao2pqv8gn2s739nabkg,2026-09-21T01:50:01.329554+00:00,2026-09-20T18:58:51.820228+00:00,data/calibrations/ibm_phoenix_properties_2026-09-20T185845Z.json,85,20 21 22 23 25 26 28 29 30 31 32 33 34 35 36 37 38 39 40 41 42 43 44 45 46 47 48 50 51 52 53 54 56 57 58 60 64 65 66 68 69 70 71 74 75 76 78 79 80 81 82 83 84 85 86 87 88 89 90 91 92 93 94 95 96 97 98 99 100 101 102 103 104 105 106 108 109 111 112 113 115 116 117 118 119,75_85,8,1,0,16384,24292028,fdc59357b6bb2926ea37808203b6777599ae86d5bba05c85ae42367e9b76c8c0,grid,,,,default,default,-0.00439453125,-0.0361328125,0.007812424562507244,0.007807398411904536,0.007812424562507244,0.007807398411904536,0.015869140625,64,1032,False
ibm_phoenix,dao2pqv8gn2s739nabkg,2026-09-21T01:50:01.329585+00:00,2026-09-20T18:58:51.820228+00:00,data/calibrations/ibm_phoenix_properties_2026-09-20T185845Z.json,85,20 21 22 23 25 26 28 29 30 31 32 33 34 35 36 37 38 39 40 41 42 43 44 45 46 47 48 50 51 52 53 54 56 57 58 60 64 65 66 68 69 70 71 74 75 76 78 79 80 81 82 83 84 85 86 87 88 89 90 91 92 93 94 95 96 97 98 99 100 101 102 103 104 105 106 108 109 111 112 113 115 116 117 118 119,75_85,8,1,0,16384,24292029,ac7a44842e33b1f1e6c23b216bdcd5f399528ff07d1cbe687255e7d9b1219432,grid,,,,default,default,-0.0025634765625,-0.00244140625,0.007812474330379366,0.00781247671690094,0.007812474330379366,0.00781247671690094,-6.103515625e-05,64,1032,False
ibm_phoenix,dao2pqv8gn2s739nabkg,2026-09-21T01:50:01.329615+00:00,2026-09-20T18:58:51.820228+00:00,data/calibrations/ibm_phoenix_properties_2026-09-20T185845Z.json,85,20 21 22 23 25 26 28 29 30 31 32 33 34 35 36 37 38 39 40 41 42 43 44 45 46 47 48 50 51 52 53 54 56 57 58 60 64 65 66 68 69 70 71 74 75 76 78 79 80 81 82 83 84 85 86 87 88 89 90 91 92 93 94 95 96 97 98 99 100 101 102 103 104 105 106 108 109 111 112 113 115 116 117 118 119,75_85,8,1,0,16384,24292030,2f4cbcb3166b52f55897e8c7a12ff0269eceeefce9866c661d2aa07d56248950,grid,,,,default,default,-0.01025390625,-0.011474609375,0.007812089275948163,0.00781198566017726,0.007812089275948163,0.00781198566017726,0.0006103515625,64,1032,False
ibm_phoenix,dao2pqv8gn2s739nabkg,2026-09-21T01:50:01.329646+00:00,2026-09-20T18:58:51.820228+00:00,data/calibrations/ibm_phoenix_properties_2026-09-20T185845Z.json,85,20 21 22 23 25 26 28 29 30 31 32 33 34 35 36 37 38 39 40 41 42 43 44 45 46 47 48 50 51 52 53 54 56 57 58 60 64 65 66 68 69 70 71 74 75 76 78 79 80 81 82 83 84 85 86 87 88 89 90 91 92 93 94 95 96 97 98 99 100 101 102 103 104 105 106 108 109 111 112 113 115 116 117 118 119,75_85,8,1,0,16384,24292031,191c2c9df0c2c0d81fb1285e7cc8f3388e4f9ce3c05de714cfe82a661688919a,grid,,,,default,default,0.000244140625,-0.0052490234375,0.007812499767169353,0.0078123923732936265,0.007812499767169353,0.0078123923732936265,0.00274658203125,64,1032,False
ibm_phoenix,dao2pqv8gn2s739nabkg,2026-09-21T01:50:01.329677+00:00,2026-09-20T18:58:51.820228+00:00,data/calibrations/ibm_phoenix_properties_2026-09-20T185845Z.json,85,20 21 22 23 25 26 28 29 30 31 32 33 34 35 36 37 38 39 40 41 42 43 44 45 46 47 48 50 51 52 53 54 56 57 58 60 64 65 66 68 69 70 71 74 75 76 78 79 80 81 82 83 84 85 86 87 88 89 90 91 92 93 94 95 96 97 98 99 100 101 102 103 104 105 106 108 109 111 112 113 115 116 117 118 119,75_85,8,1,0,16384,24292032,0c4da9e67a41c32762c1bf3031c911270776f2345ec360de72b0b000f96575c7,grid,,,,default,default,-0.00341796875,0.0037841796875,0.007812454365060561,0.007812444062237604,0.007812454365060561,0.007812444062237604,-0.00360107421875,64,1032,False
ibm_phoenix,dao2pqv8gn2s739nabkg,2026-09-21T01:50:01.329708+00:00,2026-09-20T18:58:51.820228+00:00,data/calibrations/ibm_phoenix_properties_2026-09-20T185845Z.json,85,20 21 22 23 25 26 28 29 30 31 32 33 34 35 36 37 38 39 40 41 42 43 44 45 46 47 48 50 51 52 53 54 56 57 58 60 64 65 66 68 69 70 71 74 75 76 78 79 80 81 82 83 84 85 86 87 88 89 90 91 92 93 94 95 96 97 98 99 100 101 102 103 104 105 106 108 109 111 112 113 115 116 117 118 119,75_85,8,1,0,16384,24292033,ae1f86ef1cfeb24850da51ec55357aa6992a5700ee53d68f7b377aee12d758bc,grid,,,,default,default,-0.0115966796875,-0.0069580078125,0.007811974658197279,0.007812310881020669,0.007811974658197279,0.007812310881020669,-0.0023193359375,64,1032,False
ibm_phoenix,dao2pqv8gn2s739nabkg,2026-09-21T01:50:01.329738+00:00,2026-09-20T18:58:51.820228+00:00,data/calibrations/ibm_phoenix_properties_2026-09-20T185845Z.json,85,20 21 22 23 25 26 28 29 30 31 32 33 34 35 36 37 38 39 40 41 42 43 44 45 46 47 48 50 51 52 53 54 56 57 58 60 64 65 66 68 69 70 71 74 75 76 78 79 80 81 82 83 84 85 86 87 88 89 90 91 92 93 94 95 96 97 98 99 100 101 102 103 104 105 106 108 109 111 112 113 115 116 117 118 119,75_85,8,1,0,16384,24292034,cb341ebe645fea4b004989c93b86fec72ba1f1fba77390215f42eb09ad2e5c1f,grid,,,,default,default,0.004150390625,-0.0128173828125,0.00781243271165421,0.007811858234179173,0.00781243271165421,0.007811858234179173,0.00848388671875,64,1032,False
ibm_phoenix,dao2pqv8gn2s739nabkg,2026-09-21T01:50:01.329769+00:00,2026-09-20T18:58:51.820228+00:00,data/calibrations/ibm_phoenix_properties_2026-09-20T185845Z.json,85,20 21 22 23 25 26 28 29 30 31 32 33 34 35 36 37 38 39 40 41 42 43 44 45 46 47 48 50 51 52 53 54 56 57 58 60 64 65 66 68 69 70 71 74 75 76 78 79 80 81 82 83 84 85 86 87 88 89 90 91 92 93 94 95 96 97 98 99 100 101 102 103 104 105 106 108 109 111 112 113 115 116 117 118 119,75_85,8,1,0,16384,24292035,b84be66da59c72bcdec2a45f3821dc53b5eb285c75750332c6c1d9be1c867854,grid,,,,default,default,-0.0035400390625,0.0072021484375,0.007812451047203804,0.007812297376504758,0.007812451047203804,0.007812297376504758,-0.00537109375,64,1032,False
ibm_phoenix,dao2pqv8gn2s739nabkg,2026-09-21T01:50:01.329798+00:00,2026-09-20T18:58:51.820228+00:00,data/calibrations/ibm_phoenix_properties_2026-09-20T185845Z.json,85,20 21 22 23 25 26 28 29 30 31 32 33 34 35 36 37 38 39 40 41 42 43 44 45 46 47 48 50 51 52 53 54 56 57 58 60 64 65 66 68 69 70 71 74 75 76 78 79 80 81 82 83 84 85 86 87 88 89 90 91 92 93 94 95 96 97 98 99 100 101 102 103 104 105 106 108 109 111 112 113 115 116 117 118 119,75_85,8,1,0,16384,24292036,0258d697f16598c2abb07e7eed5058f8b0dbf9c116fba3caf343f65eaa4cc888,grid,,,,default,default,-0.00732421875,-0.0089111328125,0.007812290449610384,0.007812189805216861,0.007812290449610384,0.007812189805216861,0.00079345703125,64,1032,False
ibm_phoenix,dao2pqv8gn2s739nabkg,2026-09-21T01:50:01.329828+00:00,2026-09-20T18:58:51.820228+00:00,data/calibrations/ibm_phoenix_properties_2026-09-20T185845Z.json,85,20 21 22 23 25 26 28 29 30 31 32 33 34 35 36 37 38 39 40 41 42 43 44 45 46 47 48 50 51 52 53 54 56 57 58 60 64 65 66 68 69 70 71 74 75 76 78 79 80 81 82 83 84 85 86 87 88 89 90 91 92 93 94 95 96 97 98 99 100 101 102 103 104 105 106 108 109 111 112 113 115 116 117 118 119,75_85,8,1,0,16384,24292037,d97a2095b6d4f7a53511ec345fefe639ae4ac3868c59f839700eeca2eda44cb3,grid,,,,default,default,-0.0472412109375,0.035400390625,0.007803777427503309,0.007807603201084242,0.007803777427503309,0.007807603201084242,-0.04132080078125,64,1032,False
ibm_phoenix,dao2pqv8gn2s739nabkg,2026-09-21T01:50:01.329858+00:00,2026-09-20T18:58:51.820228+00:00,data/calibrations/ibm_phoenix_properties_2026-09-20T185845Z.json,85,20 21 22 23 25 26 28 29 30 31 32 33 34 35 36 37 38 39 40 41 42 43 44 45 46 47 48 50 51 52 53 54 56 57 58 60 64 65 66 68 69 70 71 74 75 76 78 79 80 81 82 83 84 85 86 87 88 89 90 91 92 93 94 95 96 97 98 99 100 101 102 103 104 105 106 108 109 111 112 113 115 116 117 118 119,75_85,8,1,0,16384,24292038,a8acd867ff6a483274ce31efdb988f2d45eeaa3992a25c62887811b9081c6398,grid,,,,default,default,-0.0145263671875,-0.042236328125,0.007811675677825354,0.007805528501151127,0.007811675677825354,0.007805528501151127,0.01385498046875,64,1032,False
ibm_phoenix,dao2pqv8gn2s739nabkg,2026-09-21T01:50:01.329888+00:00,2026-09-20T18:58:51.820228+00:00,data/calibrations/ibm_phoenix_properties_2026-09-20T185845Z.json,85,20 21 22 23 25 26 28 29 30 31 32 33 34 35 36 37 38 39 40 41 42 43 44 45 46 47 48 50 51 52 53 54 56 57 58 60 64 65 66 68 69 70 71 74 75 76 78 79 80 81 82 83 84 85 86 87 88 89 90 91 92 93 94 95 96 97 98 99 100 101 102 103 104 105 106 108 109 111 112 113 115 116 117 118 119,75_85,8,1,0,16384,24292039,c464104e86e9c3740ce331ec73e6b45b4907bcf14097cfe08f12077d33e88e66,grid,,,,default,default,-0.0091552734375,-0.0020751953125,0.007812172575046107,0.0078124831779678855,0.007812172575046107,0.0078124831779678855,-0.0035400390625,64,1032,False
ibm_phoenix,dao2pqv8gn2s739nabkg,2026-09-21T01:50:01.329918+00:00,2026-09-20T18:58:51.820228+00:00,data/calibrations/ibm_phoenix_properties_2026-09-20T185845Z.json,85,20 21 22 23 25 26 28 29 30 31 32 33 34 35 36 37 38 39 40 41 42 43 44 45 46 47 48 50 51 52 53 54 56 57 58 60 64 65 66 68 69 70 71 74 75 76 78 79 80 81 82 83 84 85 86 87 88 89 90 91 92 93 94 95 96 97 98 99 100 101 102 103 104 105 106 108 109 111 112 113 115 116 117 118 119,75_85,8,1,0,16384,24292040,316f3c09c4ccc20ef5240df330fc3c760d4183a72cb9d2ad79d4df41ec6d52b6,grid,,,,default,default,0.0047607421875,0.0023193359375,0.007812411465646097,0.007812478987006152,0.007812411465646097,0.007812478987006152,0.001220703125,64,1032,False
ibm_phoenix,dao2pqv8gn2s739nabkg,2026-09-21T01:50:01.329947+00:00,2026-09-20T18:58:51.820228+00:00,data/calibrations/ibm_phoenix_properties_2026-09-20T185845Z.json,85,20 21 22 23 25 26 28 29 30 31 32 33 34 35 36 37 38 39 40 41 42 43 44 45 46 47 48 50 51 52 53 54 56 57 58 60 64 65 66 68 69 70 71 74 75 76 78 79 80 81 82 83 84 85 86 87 88 89 90 91 92 93 94 95 96 97 98 99 100 101 102 103 104 105 106 108 109 111 112 113 115 116 117 118 119,75_85,8,1,0,16384,24292041,a12d0d7583674fdb9fbdf5e7153e6c9966c77ded6e953c79281df8a8537d3932,grid,,,,default,default,-0.0233154296875,0.020263671875,0.007810376237658761,0.007810895865007928,0.007810376237658761,0.007810895865007928,-0.02178955078125,64,1032,False
ibm_phoenix,dao2pqv8gn2s739nabkg,2026-09-21T01:50:01.329976+00:00,2026-09-20T18:58:51.820228+00:00,data/calibrations/ibm_phoenix_properties_2026-09-20T185845Z.json,85,20 21 22 23 25 26 28 29 30 31 32 33 34 35 36 37 38 39 40 41 42 43 44 45 46 47 48 50 51 52 53 54 56 57 58 60 64 65 66 68 69 70 71 74 75 76 78 79 80 81 82 83 84 85 86 87 88 89 90 91 92 93 94 95 96 97 98 99 100 101 102 103 104 105 106 108 109 111 112 113 115 116 117 118 119,75_85,8,1,0,16384,24292042,651a53795e09c2abaf68b607926252f3a98bdb640c3bd80eb9b516a03a051e9b,grid,,,,default,default,0.0604248046875,0.056396484375,0.007798224625560493,0.007800066029391981,0.007798224625560493,0.007800066029391981,0.00201416015625,64,1032,False
ibm_phoenix,dao2pqv8gn2s739nabkg,2026-09-21T01:50:01.330006+00:00,2026-09-20T18:58:51.820228+00:00,data/calibrations/ibm_phoenix_properties_2026-09-20T185845Z.json,85,20 21 22 23 25 26 28 29 30 31 32 33 34 35 36 37 38 39 40 41 42 43 44 45 46 47 48 50 51 52 53 54 56 57 58 60 64 65 66 68 69 70 71 74 75 76 78 79 80 81 82 83 84 85 86 87 88 89 90 91 92 93 94 95 96 97 98 99 100 101 102 103 104 105 106 108 109 111 112 113 115 116 117 118 119,75_85,8,1,0,16384,24292043,62ff30fc6ff0e2943b3db135a22337a9c5a9b3955fb1f7691f86f6947ce3fbec,grid,,,,default,default,0.0203857421875,0.02294921875,0.007810876477852038,0.00781044243748461,0.007810876477852038,0.00781044243748461,-0.00128173828125,64,1032,False
ibm_phoenix,dao2pqv8gn2s739nabkg,2026-09-21T01:50:01.330036+00:00,2026-09-20T18:58:51.820228+00:00,data/calibrations/ibm_phoenix_properties_2026-09-20T185845Z.json,85,20 21 22 23 25 26 28 29 30 31 32 33 34 35 36 37 38 39 40 41 42 43 44 45 46 47 48 50 51 52 53 54 56 57 58 60 64 65 66 68 69 70 71 74 75 76 78 79 80 81 82 83 84 85 86 87 88 89 90 91 92 93 94 95 96 97 98 99 100 101 102 103 104 105 106 108 109 111 112 113 115 116 117 118 119,75_85,8,1,0,16384,24292044,d39ee97814a21ba908652d73eb5109c75d99ee6f7d00cea0bb8132634a2d0874,grid,,,,default,default,0.000244140625,0.0037841796875,0.007812499767169353,0.007812444062237604,0.007812499767169353,0.007812444062237604,-0.00177001953125,64,1032,False
ibm_phoenix,dao2pqv8gn2s739nabkg,2026-09-21T01:50:01.330066+00:00,2026-09-20T18:58:51.820228+00:00,data/calibrations/ibm_phoenix_properties_2026-09-20T185845Z.json,85,20 21 22 23 25 26 28 29 30 31 32 33 34 35 36 37 38 39 40 41 42 43 44 45 46 47 48 50 51 52 53 54 56 57 58 60 64 65 66 68 69 70 71 74 75 76 78 79 80 81 82 83 84 85 86 87 88 89 90 91 92 93 94 95 96 97 98 99 100 101 102 103 104 105 106 108 109 111 112 113 115 116 117 118 119,75_85,8,1,0,16384,24292045,3ae31c597359af68f60ab21f19e3614c1f3d08d7b78f871dd8f9ae9b755fa1de,grid,,,,default,default,-0.034423828125,-0.0382080078125,0.007807869721847068,0.0078067953709292275,0.007807869721847068,0.0078067953709292275,0.00189208984375,64,1032,False
ibm_phoenix,dao2pqv8gn2s739nabkg,2026-09-21T01:50:01.330095+00:00,2026-09-20T18:58:51.820228+00:00,data/calibrations/ibm_phoenix_properties_2026-09-20T185845Z.json,85,20 21 22 23 25 26 28 29 30 31 32 33 34 35 36 37 38 39 40 41 42 43 44 45 46 47 48 50 51 52 53 54 56 57 58 60 64 65 66 68 69 70 71 74 75 76 78 79 80 81 82 83 84 85 86 87 88 89 90 91 92 93 94 95 96 97 98 99 100 101 102 103 104 105 106 108 109 111 112 113 115 116 117 118 119,75_85,8,1,0,16384,24292046,0a0d7cfef3a4e7e11f1529934267e0333fb3d9a2d9ea78e650a8ccd6d8dd9520,grid,,,,default,default,-0.005859375,-0.0032958984375,0.007812365888398156,0.0078124575664999555,0.007812365888398156,0.0078124575664999555,-0.00128173828125,64,1032,False
ibm_phoenix,dao2pqv8gn2s739nabkg,2026-09-21T01:50:01.330124+00:00,2026-09-20T18:58:51.820228+00:00,data/calibrations/ibm_phoenix_properties_2026-09-20T185845Z.json,85,20 21 22 23 25 26 28 29 30 31 32 33 34 35 36 37 38 39 40 41 42 43 44 45 46 47 48 50 51 52 53 54 56 57 58 60 64 65 66 68 69 70 71 74 75 76 78 79 80 81 82 83 84 85 86 87 88 89 90 91 92 93 94 95 96 97 98 99 100 101 102 103 104 105 106 108 109 111 112 113 115 116 117 118 119,75_85,8,1,0,16384,24292047,9212ab645d6a137367ab9dce8d9d1d470b1a9805fb700b0e37d2ecc64e44852e,grid,,,,default,default,0.0076904296875,-0.013427734375,0.007812268970377854,0.007811795655552477,0.007812268970377854,0.007811795655552477,0.01055908203125,64,1032,False
ibm_phoenix,dao2pqv8gn2s739nabkg,2026-09-21T01:50:01.330154+00:00,2026-09-20T18:58:51.820228+00:00,data/calibrations/ibm_phoenix_properties_2026-09-20T185845Z.json,85,20 21 22 23 25 26 28 29 30 31 32 33 34 35 36 37 38 39 40 41 42 43 44 45 46 47 48 50 51 52 53 54 56 57 58 60 64 65 66 68 69 70 71 74 75 76 78 79 80 81 82 83 84 85 86 87 88 89 90 91 92 93 94 95 96 97 98 99 100 101 102 103 104 105 106 108 109 111 112 113 115 116 117 118 119,75_85,8,1,0,16384,24292048,c87595d02ba686afa6ace0e8fdf76207eb1d5c289dda0f57bf39933e80c945ed,grid,,,,default,default,-0.0377197265625,-0.0152587890625,0.007806940296068622,0.007811590452352504,0.007806940296068622,0.007811590452352504,-0.01123046875,64,1032,False
ibm_phoenix,dao2pqv8gn2s739nabkg,2026-09-21T01:50:01.330183+00:00,2026-09-20T18:58:51.820228+00:00,data/calibrations/ibm_phoenix_properties_2026-09-20T185845Z.json,85,20 21 22 23 25 26 28 29 30 31 32 33 34 35 36 37 38 39 40 41 42 43 44 45 46 47 48 50 51 52 53 54 56 57 58 60 64 65 66 68 69 70 71 74 75 76 78 79 80 81 82 83 84 85 86 87 88 89 90 91 92 93 94 95 96 97 98 99 100 101 102 103 104 105 106 108 109 111 112 113 115 116 117 118 119,75_85,8,1,0,16384,24292049,475ac5d902e002d4f31b80848ff1e5a919bfa4aca034b7c80591e391176cc70b,grid,,,,default,default,-0.008056640625,0.0040283203125,0.007812246443314437,0.007812436611600107,0.007812246443314437,0.007812436611600107,-0.00604248046875,64,1032,False
ibm_phoenix,dao2pqv8gn2s739nabkg,2026-09-21T01:50:01.330213+00:00,2026-09-20T18:58:51.820228+00:00,data/calibrations/ibm_phoenix_properties_2026-09-20T185845Z.json,85,20 21 22 23 25 26 28 29 30 31 32 33 34 35 36 37 38 39 40 41 42 43 44 45 46 47 48 50 51 52 53 54 56 57 58 60 64 65 66 68 69 70 71 74 75 76 78 79 80 81 82 83 84 85 86 87 88 89 90 91 92 93 94 95 96 97 98 99 100 101 102 103 104 105 106 108 109 111 112 113 115 116 117 118 119,75_85,8,1,0,16384,24292050,30ca7a9212756eb238820a85ba9a3cc85622048ddc20ac3fd9fc67123c4fc24f,grid,,,,default,default,0.0322265625,-0.048828125,0.007808442105008222,0.0078031812165114,0.007808442105008222,0.0078031812165114,0.04052734375,64,1032,False
ibm_phoenix,dao2pqv8gn2s739nabkg,2026-09-21T01:50:01.330243+00:00,2026-09-20T18:58:51.820228+00:00,data/calibrations/ibm_phoenix_properties_2026-09-20T185845Z.json,85,20 21 22 23 25 26 28 29 30 31 32 33 34 35 36 37 38 39 40 41 42 43 44 45 46 47 48 50 51 52 53 54 56 57 58 60 64 65 66 68 69 70 71 74 75 76 78 79 80 81 82 83 84 85 86 87 88 89 90 91 92 93 94 95 96 97 98 99 100 101 102 103 104 105 106 108 109 111 112 113 115 116 117 118 119,75_85,8,1,0,16384,24292051,22defb52fa1a01daa0e6253f4f6e3a4b7484d262b8577aa07bdcd523cb027128,grid,,,,default,default,-0.0244140625,-0.036865234375,0.00781017134651533,0.007807189423551826,0.00781017134651533,0.007807189423551826,0.0062255859375,64,1032,False
ibm_phoenix,dao2pqv8gn2s739nabkg,2026-09-21T01:50:01.330272+00:00,2026-09-20T18:58:51.820228+00:00,data/calibrations/ibm_phoenix_properties_2026-09-20T185845Z.json,85,20 21 22 23 25 26 28 29 30 31 32 33 34 35 36 37 38 39 40 41 42 43 44 45 46 47 48 50 51 52 53 54 56 57 58 60 64 65 66 68 69 70 71 74 75 76 78 79 80 81 82 83 84 85 86 87 88 89 90 91 92 93 94 95 96 97 98 99 100 101 102 103 104 105 106 108 109 111 112 113 115 116 117 118 119,75_85,8,1,0,16384,24292052,bf4866c5c4db6f908e1710df830a81b320714fa3baadb7dce5a32d4f874082ad,grid,,,,default,default,0.0069580078125,-0.0272216796875,0.007812310881020669,0.007809604854791024,0.007812310881020669,0.007809604854791024,0.01708984375,64,1032,False
ibm_phoenix,dao2pqv8gn2s739nabkg,2026-09-21T01:50:01.330302+00:00,2026-09-20T18:58:51.820228+00:00,data/calibrations/ibm_phoenix_properties_2026-09-20T185845Z.json,85,20 21 22 23 25 26 28 29 30 31 32 33 34 35 36 37 38 39 40 41 42 43 44 45 46 47 48 50 51 52 53 54 56 57 58 60 64 65 66 68 69 70 71 74 75 76 78 79 80 81 82 83 84 85 86 87 88 89 90 91 92 93 94 95 96 97 98 99 100 101 102 103 104 105 106 108 109 111 112 113 115 116 117 118 119,75_85,8,1,0,16384,24292053,e4a1cdbdded93e40dcd6957eab54e5358452d7cb381666a7cbff6cabf903381d,grid,,,,default,default,0.036865234375,0.00830078125,0.007807189423551826,0.00781223084313943,0.007807189423551826,0.00781223084313943,0.0142822265625,64,1032,False
ibm_phoenix,dao2pqv8gn2s739nabkg,2026-09-21T01:50:01.330331+00:00,2026-09-20T18:58:51.820228+00:00,data/calibrations/ibm_phoenix_properties_2026-09-20T185845Z.json,85,20 21 22 23 25 26 28 29 30 31 32 33 34 35 36 37 38 39 40 41 42 43 44 45 46 47 48 50 51 52 53 54 56 57 58 60 64 65 66 68 69 70 71 74 75 76 78 79 80 81 82 83 84 85 86 87 88 89 90 91 92 93 94 95 96 97 98 99 100 101 102 103 104 105 106 108 109 111 112 113 115 116 117 118 119,75_85,8,1,0,16384,24292054,004ccd05bd3ff972a45a526f46d23530a3cf19b4f0c43aa94a81e88c352e496a,grid,,,,default,default,0.0010986328125,-0.010498046875,0.0078124952851780435,0.007812069484277881,0.0078124952851780435,0.007812069484277881,0.00579833984375,64,1032,False
ibm_phoenix,dao2pqv8gn2s739nabkg,2026-09-21T01:50:01.330362+00:00,2026-09-20T18:58:51.820228+00:00,data/calibrations/ibm_phoenix_properties_2026-09-20T185845Z.json,85,20 21 22 23 25 26 28 29 30 31 32 33 34 35 36 37 38 39 40 41 42 43 44 45 46 47 48 50 51 52 53 54 56 57 58 60 64 65 66 68 69 70 71 74 75 76 78 79 80 81 82 83 84 85 86 87 88 89 90 91 92 93 94 95 96 97 98 99 100 101 102 103 104 105 106 108 109 111 112 113 115 116 117 118 119,75_85,8,1,0,16384,24292055,dfcf99930af24e9f95feb5691a2d73f141df06e7f9f6d3ecdbfd8bde2280a277,grid,,,,default,default,-0.0224609375,-0.0096435546875,0.007810529072820661,0.007812136717541894,0.007810529072820661,0.007812136717541894,-0.00640869140625,64,1032,False
ibm_phoenix,dao2pqv8gn2s739nabkg,2026-09-21T01:50:01.330393+00:00,2026-09-20T18:58:51.820228+00:00,data/calibrations/ibm_phoenix_properties_2026-09-20T185845Z.json,85,20 21 22 23 25 26 28 29 30 31 32 33 34 35 36 37 38 39 40 41 42 43 44 45 46 47 48 50 51 52 53 54 56 57 58 60 64 65 66 68 69 70 71 74 75 76 78 79 80 81 82 83 84 85 86 87 88 89 90 91 92 93 94 95 96 97 98 99 100 101 102 103 104 105 106 108 109 111 112 113 115 116 117 118 119,75_85,8,1,0,16384,24292056,5f5d54a094805222e0f2c996941834bd8a2d5fb4cfab4ecf66fbdc61a27d3936,grid,,,,default,default,0.018310546875,-0.0093994140625,0.007811190217835571,0.007812154879155507,0.007811190217835571,0.007812154879155507,0.01385498046875,64,1032,False
ibm_phoenix,dao2pqv8gn2s739nabkg,2026-09-21T01:50:01.330430+00:00,2026-09-20T18:58:51.820228+00:00,data/calibrations/ibm_phoenix_properties_2026-09-20T185845Z.json,85,20 21 22 23 25 26 28 29 30 31 32 33 34 35 36 37 38 39 40 41 42 43 44 45 46 47 48 50 51 52 53 54 56 57 58 60 64 65 66 68 69 70 71 74 75 76 78 79 80 81 82 83 84 85 86 87 88 89 90 91 92 93 94 95 96 97 98 99 100 101 102 103 104 105 106 108 109 111 112 113 115 116 117 118 119,75_85,8,1,0,16384,24292057,36adea5fc1a42be4f9d5d968b79209697b09116604a0086d073eb6ab4ffe0c0f,grid,,,,default,default,0.014404296875,0.000244140625,0.007811689474484538,0.007812499767169353,0.007811689474484538,0.007812499767169353,0.007080078125,64,1032,False
ibm_phoenix,dao2pqv8gn2s739nabkg,2026-09-21T01:50:01.330462+00:00,2026-09-20T18:58:51.820228+00:00,data/calibrations/ibm_phoenix_properties_2026-09-20T185845Z.json,85,20 21 22 23 25 26 28 29 30 31 32 33 34 35 36 37 38 39 40 41 42 43 44 45 46 47 48 50 51 52 53 54 56 57 58 60 64 65 66 68 69 70 71 74 75 76 78 79 80 81 82 83 84 85 86 87 88 89 90 91 92 93 94 95 96 97 98 99 100 101 102 103 104 105 106 108 109 111 112 113 115 116 117 118 119,75_85,8,1,0,16384,24292058,44033f38945246c44963b1c968ce63faeef177994375c40ac9a658b34d666949,grid,,,,default,default,0.001953125,0.01513671875,0.007812485098824595,0.007811604947734207,0.007812485098824595,0.007811604947734207,-0.006591796875,64,1032,False
ibm_phoenix,dao2pqv8gn2s739nabkg,2026-09-21T01:50:01.330512+00:00,2026-09-20T18:58:51.820228+00:00,data/calibrations/ibm_phoenix_properties_2026-09-20T185845Z.json,85,20 21 22 23 25 26 28 29 30 31 32 33 34 35 36 37 38 39 40 41 42 43 44 45 46 47 48 50 51 52 53 54 56 57 58 60 64 65 66 68 69 70 71 74 75 76 78 79 80 81 82 83 84 85 86 87 88 89 90 91 92 93 94 95 96 97 98 99 100 101 102 103 104 105 106 108 109 111 112 113 115 116 117 118 119,75_85,8,1,0,16384,24292059,d72c8d3e4f3c41d0628e1147598d37779408759a95f18cb17cae05989848770a,grid,,,,default,default,-0.00927734375,-0.002685546875,0.007812163785315984,0.007812471827441322,0.007812163785315984,0.007812471827441322,-0.0032958984375,64,1032,False
ibm_phoenix,dao2pqv8gn2s739nabkg,2026-09-21T01:50:01.330545+00:00,2026-09-20T18:58:51.820228+00:00,data/calibrations/ibm_phoenix_properties_2026-09-20T185845Z.json,85,20 21 22 23 25 26 28 29 30 31 32 33 34 35 36 37 38 39 40 41 42 43 44 45 46 47 48 50 51 52 53 54 56 57 58 60 64 65 66 68 69 70 71 74 75 76 78 79 80 81 82 83 84 85 86 87 88 89 90 91 92 93 94 95 96 97 98 99 100 101 102 103 104 105 106 108 109 111 112 113 115 116 117 118 119,75_85,8,1,0,16384,24292060,9096b58532791fbcc8103e9d95e89d1bed03fba0470290ee3fe87f1778c5e9a1,grid,,,,default,default,0.0133056640625,0.0272216796875,0.007811808404169181,0.007809604854791024,0.007811808404169181,0.007809604854791024,-0.0069580078125,64,1032,False
ibm_phoenix,dao2pqv8gn2s739nabkg,2026-09-21T01:50:01.330576+00:00,2026-09-20T18:58:51.820228+00:00,data/calibrations/ibm_phoenix_properties_2026-09-20T185845Z.json,85,20 21 22 23 25 26 28 29 30 31 32 33 34 35 36 37 38 39 40 41 42 43 44 45 46 47 48 50 51 52 53 54 56 57 58 60 64 65 66 68 69 70 71 74 75 76 78 79 80 81 82 83 84 85 86 87 88 89 90 91 92 93 94 95 96 97 98 99 100 101 102 103 104 105 106 108 109 111 112 113 115 116 117 118 119,75_85,8,1,0,16384,24292061,024e0936adb12707971eb698f043d7342c0fd394595d9f5ff0fe7f08b5ec4749,grid,,,,default,default,0.003173828125,0.0087890625,0.007812460651522131,0.0078121982456582605,0.007812460651522131,0.0078121982456582605,-0.0028076171875,64,1032,False
ibm_phoenix,dao2pqv8gn2s739nabkg,2026-09-21T01:50:01.330607+00:00,2026-09-20T18:58:51.820228+00:00,data/calibrations/ibm_phoenix_properties_2026-09-20T185845Z.json,85,20 21 22 23 25 26 28 29 30 31 32 33 34 35 36 37 38 39 40 41 42 43 44 45 46 47 48 50 51 52 53 54 56 57 58 60 64 65 66 68 69 70 71 74 75 76 78 79 80 81 82 83 84 85 86 87 88 89 90 91 92 93 94 95 96 97 98 99 100 101 102 103 104 105 106 108 109 111 112 113 115 116 117 118 119,75_85,8,1,0,16384,24292062,a763644f20a7ed6eadc20752aa99f85bc69e7a409a155402698afe7baf3fe539,grid,,,,default,default,-0.0321044921875,0.0018310546875,0.0078084727963266334,0.007812486903265317,0.0078084727963266334,0.007812486903265317,-0.0169677734375,64,1032,False
ibm_phoenix,dao2pqv8gn2s739nabkg,2026-09-21T01:50:01.330639+00:00,2026-09-20T18:58:51.820228+00:00,data/calibrations/ibm_phoenix_properties_2026-09-20T185845Z.json,85,20 21 22 23 25 26 28 29 30 31 32 33 34 35 36 37 38 39 40 41 42 43 44 45 46 47 48 50 51 52 53 54 56 57 58 60 64 65 66 68 69 70 71 74 75 76 78 79 80 81 82 83 84 85 86 87 88 89 90 91 92 93 94 95 96 97 98 99 100 101 102 103 104 105 106 108 109 111 112 113 115 116 117 118 119,75_85,8,1,0,16384,24292063,2156bcf33e0d192b35e07ee86882d980e6f097f53a111078bbc83d4ef4316878,grid,,,,default,default,0.0030517578125,0.0068359375,0.007812463620127225,0.0078123174586428095,0.007812463620127225,0.0078123174586428095,-0.00189208984375,64,1032,False
ibm_phoenix,dao2pqv8gn2s739nabkg,2026-09-21T01:50:01.330670+00:00,2026-09-20T18:58:51.820228+00:00,data/calibrations/ibm_phoenix_properties_2026-09-20T185845Z.json,85,20 21 22 23 25 26 28 29 30 31 32 33 34 35 36 37 38 39 40 41 42 43 44 45 46 47 48 50 51 52 53 54 56 57 58 60 64 65 66 68 69 70 71 74 75 76 78 79 80 81 82 83 84 85 86 87 88 89 90 91 92 93 94 95 96 97 98 99 100 101 102 103 104 105 106 108 109 111 112 113 115 116 117 118 119,75_85,8,1,0,16384,24292064,a9e57f135e8a29e0dad80145d1383273370137fa62d8383dad70fd38faaf4ff6,grid,,,,default,default,-0.0018310546875,-0.0040283203125,0.007812486903265317,0.007812436611600107,0.007812486903265317,0.007812436611600107,0.0010986328125,64,1032,False
ibm_phoenix,dao2pqv8gn2s739nabkg,2026-09-21T01:50:01.330700+00:00,2026-09-20T18:58:51.820228+00:00,data/calibrations/ibm_phoenix_properties_2026-09-20T185845Z.json,85,20 21 22 23 25 26 28 29 30 31 32 33 34 35 36 37 38 39 40 41 42 43 44 45 46 47 48 50 51 52 53 54 56 57 58 60 64 65 66 68 69 70 71 74 75 76 78 79 80 81 82 83 84 85 86 87 88 89 90 91 92 93 94 95 96 97 98 99 100 101 102 103 104 105 106 108 109 111 112 113 115 116 117 118 119,75_85,8,1,0,16384,24292065,7054bceb2fd978336dcd82f9b7e31418fc073e482e940009abcd6a5ddc14fc12,grid,,,,default,default,0.010986328125,-0.0081787109375,0.007812028503718841,0.007812238701440435,0.007812028503718841,0.007812238701440435,0.00958251953125,64,1032,False
ibm_phoenix,dao2pqv8gn2s739nabkg,2026-09-21T01:50:01.330730+00:00,2026-09-20T18:58:51.820228+00:00,data/calibrations/ibm_phoenix_properties_2026-09-20T185845Z.json,85,20 21 22 23 25 26 28 29 30 31 32 33 34 35 36 37 38 39 40 41 42 43 44 45 46 47 48 50 51 52 53 54 56 57 58 60 64 65 66 68 69 70 71 74 75 76 78 79 80 81 82 83 84 85 86 87 88 89 90 91 92 93 94 95 96 97 98 99 100 101 102 103 104 105 106 108 109 111 112 113 115 116 117 118 119,75_85,8,1,0,16384,24292066,46c1b75d038c55e0b19fb3e847820d39273428081459a8be2667879d313cedd6,grid,,,,default,default,-0.0164794921875,-0.005859375,0.007811439093346384,0.007812365888398156,0.007811439093346384,0.007812365888398156,-0.00531005859375,64,1032,False
ibm_phoenix,dao2pqv8gn2s739nabkg,2026-09-21T01:50:01.330760+00:00,2026-09-20T18:58:51.820228+00:00,data/calibrations/ibm_phoenix_properties_2026-09-20T185845Z.json,85,20 21 22 23 25 26 28 29 30 31 32 33 34 35 36 37 38 39 40 41 42 43 44 45 46 47 48 50 51 52 53 54 56 57 58 60 64 65 66 68 69 70 71 74 75 76 78 79 80 81 82 83 84 85 86 87 88 89 90 91 92 93 94 95 96 97 98 99 100 101 102 103 104 105 106 108 109 111 112 113 115 116 117 118 119,75_85,8,1,0,16384,24292067,5777cbf6cf0f0ff9fc0a8dcb73c5ab941f11c87cefb9c78e724fdf9cf5f43493,grid,,,,default,default,-0.006103515625,-0.003662109375,0.0078123544794924385,0.007812447612929536,0.0078123544794924385,0.007812447612929536,-0.001220703125,64,1032,False
ibm_phoenix,dao2pqv8gn2s739nabkg,2026-09-21T01:50:01.330791+00:00,2026-09-20T18:58:51.820228+00:00,data/calibrations/ibm_phoenix_properties_2026-09-20T185845Z.json,85,20 21 22 23 25 26 28 29 30 31 32 33 34 35 36 37 38 39 40 41 42 43 44 45 46 47 48 50 51 52 53 54 56 57 58 60 64 65 66 68 69 70 71 74 75 76 78 79 80 81 82 83 84 85 86 87 88 89 90 91 92 93 94 95 96 97 98 99 100 101 102 103 104 105 106 108 109 111 112 113 115 116 117 118 119,75_85,8,1,0,16384,24292068,6aa3c3c384945c3e262a8029c0b61df8a8a88d36ce8b2ef392b2a756f245506a,grid,,,,default,default,0.0006103515625,0.0008544921875,0.007812498544808342,0.007812497147824095,0.007812498544808342,0.007812497147824095,-0.0001220703125,64,1032,False
ibm_phoenix,dao2pqv8gn2s739nabkg,2026-09-21T01:50:01.330820+00:00,2026-09-20T18:58:51.820228+00:00,data/calibrations/ibm_phoenix_properties_2026-09-20T185845Z.json,85,20 21 22 23 25 26 28 29 30 31 32 33 34 35 36 37 38 39 40 41 42 43 44 45 46 47 48 50 51 52 53 54 56 57 58 60 64 65 66 68 69 70 71 74 75 76 78 79 80 81 82 83 84 85 86 87 88 89 90 91 92 93 94 95 96 97 98 99 100 101 102 103 104 105 106 108 109 111 112 113 115 116 117 118 119,75_85,8,1,0,16384,24292069,f4741759f6e0103008f5205b9247679c6f3554782d1d6dc87d8da2d82d48f332,grid,,,,default,default,-0.0029296875,0.010498046875,0.007812466472315371,0.007812069484277881,0.007812466472315371,0.007812069484277881,-0.0067138671875,64,1032,False
ibm_phoenix,dao2pqv8gn2s739nabkg,2026-09-21T01:50:01.330851+00:00,2026-09-20T18:58:51.820228+00:00,data/calibrations/ibm_phoenix_properties_2026-09-20T185845Z.json,85,20 21 22 23 25 26 28 29 30 31 32 33 34 35 36 37 38 39 40 41 42 43 44 45 46 47 48 50 51 52 53 54 56 57 58 60 64 65 66 68 69 70 71 74 75 76 78 79 80 81 82 83 84 85 86 87 88 89 90 91 92 93 94 95 96 97 98 99 100 101 102 103 104 105 106 108 109 111 112 113 115 116 117 118 119,75_85,8,1,0,16384,24292070,ab29f922bd43966c21cf705348f2c17d57afa04f4cab71f18524920657cbcee9,grid,,,,default,default,-0.004638671875,0.009521484375,0.007812415947685494,0.007812145856564278,0.007812415947685494,0.007812145856564278,-0.007080078125,64,1032,False
ibm_phoenix,dao2pqv8gn2s739nabkg,2026-09-21T01:50:01.330881+00:00,2026-09-20T18:58:51.820228+00:00,data/calibrations/ibm_phoenix_properties_2026-09-20T185845Z.json,85,20 21 22 23 25 26 28 29 30 31 32 33 34 35 36 37 38 39 40 41 42 43 44 45 46 47 48 50 51 52 53 54 56 57 58 60 64 65 66 68 69 70 71 74 75 76 78 79 80 81 82 83 84 85 86 87 88 89 90 91 92 93 94 95 96 97 98 99 100 101 102 103 104 105 106 108 109 111 112 113 115 116 117 118 119,75_85,8,1,0,16384,24292071,d6a1ac674a6d21275882973d460fb5d397b9a25f7e0e4476ec89077791c08395,grid,,,,default,default,0.005615234375,-0.0103759765625,0.007812376831618598,0.0078120794383300845,0.007812376831618598,0.0078120794383300845,0.00799560546875,64,1032,False
ibm_phoenix,dao2pqv8gn2s739nabkg,2026-09-21T01:50:01.330911+00:00,2026-09-20T18:58:51.820228+00:00,data/calibrations/ibm_phoenix_properties_2026-09-20T185845Z.json,85,20 21 22 23 25 26 28 29 30 31 32 33 34 35 36 37 38 39 40 41 42 43 44 45 46 47 48 50 51 52 53 54 56 57 58 60 64 65 66 68 69 70 71 74 75 76 78 79 80 81 82 83 84 85 86 87 88 89 90 91 92 93 94 95 96 97 98 99 100 101 102 103 104 105 106 108 109 111 112 113 115 116 117 118 119,75_85,8,1,0,16384,24292072,9d1dfb2d1fa943da32cfd96f29f06c61cf2343c4a41ddf603a3bc8932871e9a4,grid,,,,default,default,-0.0068359375,-0.0089111328125,0.0078123174586428095,0.007812189805216861,0.0078123174586428095,0.007812189805216861,0.00103759765625,64,1032,False
ibm_phoenix,dao2pqv8gn2s739nabkg,2026-09-21T01:50:01.330941+00:00,2026-09-20T18:58:51.820228+00:00,data/calibrations/ibm_phoenix_properties_2026-09-20T185845Z.json,85,20 21 22 23 25 26 28 29 30 31 32 33 34 35 36 37 38 39 40 41 42 43 44 45 46 47 48 50 51 52 53 54 56 57 58 60 64 65 66 68 69 70 71 74 75 76 78 79 80 81 82 83 84 85 86 87 88 89 90 91 92 93 94 95 96 97 98 99 100 101 102 103 104 105 106 108 109 111 112 113 115 116 117 118 119,75_85,8,1,0,16384,24292073,20dd328da3f0b5675673776abd40708ce909e7fceec5315fa37957d872ceec67,grid,,,,default,default,-0.0013427734375,-0.0252685546875,0.007812492956869855,0.007810005461683349,0.007812492956869855,0.007810005461683349,0.011962890625,64,1032,False
ibm_phoenix,dao2pqv8gn2s739nabkg,2026-09-21T01:50:01.330971+00:00,2026-09-20T18:58:51.820228+00:00,data/calibrations/ibm_phoenix_properties_2026-09-20T185845Z.json,85,20 21 22 23 25 26 28 29 30 31 32 33 34 35 36 37 38 39 40 41 42 43 44 45 46 47 48 50 51 52 53 54 56 57 58 60 64 65 66 68 69 70 71 74 75 76 78 79 80 81 82 83 84 85 86 87 88 89 90 91 92 93 94 95 96 97 98 99 100 101 102 103 104 105 106 108 109 111 112 113 115 116 117 118 119,75_85,8,1,0,16384,24292074,e572304ed15623e0eea37f90c9d6c85edb74cc5f33e4dae8bf050b903b5a600d,grid,,,,default,default,0.0106201171875,0.0333251953125,0.007812059413791109,0.007808160636114728,0.007812059413791109,0.007808160636114728,-0.0113525390625,64,1032,False
ibm_phoenix,dao2pqv8gn2s739nabkg,2026-09-21T01:50:01.331001+00:00,2026-09-20T18:58:51.820228+00:00,data/calibrations/ibm_phoenix_properties_2026-09-20T185845Z.json,85,20 21 22 23 25 26 28 29 30 31 32 33 34 35 36 37 38 39 40 41 42 43 44 45 46 47 48 50 51 52 53 54 56 57 58 60 64 65 66 68 69 70 71 74 75 76 78 79 80 81 82 83 84 85 86 87 88 89 90 91 92 93 94 95 96 97 98 99 100 101 102 103 104 105 106 108 109 111 112 113 115 116 117 118 119,75_85,8,1,0,16384,24292075,05de0674752a1d166d5bae9a69b9a8ce210a60f1878c99909dc0311e167d8b71,grid,,,,default,default,0.006591796875,0.0048828125,0.00781233026461693,0.00781240686718742,0.00781233026461693,0.00781240686718742,0.0008544921875,64,1032,False
ibm_phoenix,dao2pqv8gn2s739nabkg,2026-09-21T01:50:01.331031+00:00,2026-09-20T18:58:51.820228+00:00,data/calibrations/ibm_phoenix_properties_2026-09-20T185845Z.json,85,20 21 22 23 25 26 28 29 30 31 32 33 34 35 36 37 38 39 40 41 42 43 44 45 46 47 48 50 51 52 53 54 56 57 58 60 64 65 66 68 69 70 71 74 75 76 78 79 80 81 82 83 84 85 86 87 88 89 90 91 92 93 94 95 96 97 98 99 100 101 102 103 104 105 106 108 109 111 112 113 115 116 117 118 119,75_85,8,1,0,16384,24292076,f47e324fe8023f5fcda1c994e60a9c05f9c8c7347ab3397c5b22d3c5df2ed77e,grid,,,,default,default,-0.01611328125,-0.002197265625,0.007811485723875856,0.007812481140695101,0.007811485723875856,0.007812481140695101,-0.0069580078125,64,1032,False
ibm_phoenix,dao2pqv8gn2s739nabkg,2026-09-21T01:50:01.331060+00:00,2026-09-20T18:58:51.820228+00:00,data/calibrations/ibm_phoenix_properties_2026-09-20T185845Z.json,85,20 21 22 23 25 26 28 29 30 31 32 33 34 35 36 37 38 39 40 41 42 43 44 45 46 47 48 50 51 52 53 54 56 57 58 60 64 65 66 68 69 70 71 74 75 76 78 79 80 81 82 83 84 85 86 87 88 89 90 91 92 93 94 95 96 97 98 99 100 101 102 103 104 105 106 108 109 111 112 113 115 116 117 118 119,75_85,8,1,0,16384,24292077,a62bdd4c328421586614df28c4702faa424cb3258bfa26a8d1c37e68bb5114a7,grid,,,,default,default,0.010498046875,0.00146484375,0.007812069484277881,0.007812491618092332,0.007812069484277881,0.007812491618092332,0.0045166015625,64,1032,False
ibm_phoenix,dao2pqv8gn2s739nabkg,2026-09-21T01:50:01.331090+00:00,2026-09-20T18:58:51.820228+00:00,data/calibrations/ibm_phoenix_properties_2026-09-20T185845Z.json,85,20 21 22 23 25 26 28 29 30 31 32 33 34 35 36 37 38 39 40 41 42 43 44 45 46 47 48 50 51 52 53 54 56 57 58 60 64 65 66 68 69 70 71 74 75 76 78 79 80 81 82 83 84 85 86 87 88 89 90 91 92 93 94 95 96 97 98 99 100 101 102 103 104 105 106 108 109 111 112 113 115 116 117 118 119,75_85,8,1,0,16384,24292078,9d5541fb61f569c75d5903e70e43efd1d7b0f8d90adffb730102dea93945ce43,grid,,,,default,default,0.0020751953125,0.009033203125,0.0078124831779678855,0.00781218124834627,0.0078124831779678855,0.00781218124834627,-0.00347900390625,64,1032,False
ibm_phoenix,dao2pqv8gn2s739nabkg,2026-09-21T01:50:01.331119+00:00,2026-09-20T18:58:51.820228+00:00,data/calibrations/ibm_phoenix_properties_2026-09-20T185845Z.json,85,20 21 22 23 25 26 28 29 30 31 32 33 34 35 36 37 38 39 40 41 42 43 44 45 46 47 48 50 51 52 53 54 56 57 58 60 64 65 66 68 69 70 71 74 75 76 78 79 80 81 82 83 84 85 86 87 88 89 90 91 92 93 94 95 96 97 98 99 100 101 102 103 104 105 106 108 109 111 112 113 115 116 117 118 119,75_85,8,1,0,16384,24292079,80c540003fb0efa9391acc649393ff2593e18f2238959c34b7ceeb0b0be9f8fb,grid,,,,default,default,-0.0247802734375,0.0272216796875,0.0078101009521538605,0.007809604854791024,0.0078101009521538605,0.007809604854791024,-0.0260009765625,64,1032,False
ibm_phoenix,dao2pqv8gn2s739nabkg,2026-09-21T01:50:01.331148+00:00,2026-09-20T18:58:51.820228+00:00,data/calibrations/ibm_phoenix_properties_2026-09-20T185845Z.json,85,20 21 22 23 25 26 28 29 30 31 32 33 34 35 36 37 38 39 40 41 42 43 44 45 46 47 48 50 51 52 53 54 56 57 58 60 64 65 66 68 69 70 71 74 75 76 78 79 80 81 82 83 84 85 86 87 88 89 90 91 92 93 94 95 96 97 98 99 100 101 102 103 104 105 106 108 109 111 112 113 115 116 117 118 119,75_85,8,1,0,16384,24292080,43223ed96040bd1711cdb7d8bf33c97c233700df2fe7a431a18ec9d843447a21,grid,,,,default,default,-0.009033203125,0.0108642578125,0.00781218124834627,0.007812038923512047,0.00781218124834627,0.007812038923512047,-0.00994873046875,64,1032,False
ibm_phoenix,dao2pqv8gn2s739nabkg,2026-09-21T01:50:01.331178+00:00,2026-09-20T18:58:51.820228+00:00,data/calibrations/ibm_phoenix_properties_2026-09-20T185845Z.json,85,20 21 22 23 25 26 28 29 30 31 32 33 34 35 36 37 38 39 40 41 42 43 44 45 46 47 48 50 51 52 53 54 56 57 58 60 64 65 66 68 69 70 71 74 75 76 78 79 80 81 82 83 84 85 86 87 88 89 90 91 92 93 94 95 96 97 98 99 100 101 102 103 104 105 106 108 109 111 112 113 115 116 117 118 119,75_85,8,1,0,16384,24292081,d3380d41fb6449a84f663a80305e23fba8f991860274c361c6c59922d1586ba2,grid,,,,default,default,0.0072021484375,0.0126953125,0.007812297376504758,0.007811870400570252,0.007812297376504758,0.007811870400570252,-0.00274658203125,64,1032,False
ibm_phoenix,dao2pqv8gn2s739nabkg,2026-09-21T01:50:01.331208+00:00,2026-09-20T18:58:51.820228+00:00,data/calibrations/ibm_phoenix_properties_2026-09-20T185845Z.json,85,20 21 22 23 25 26 28 29 30 31 32 33 34 35 36 37 38 39 40 41 42 43 44 45 46 47 48 50 51 52 53 54 56 57 58 60 64 65 66 68 69 70 71 74 75 76 78 79 80 81 82 83 84 85 86 87 88 89 90 91 92 93 94 95 96 97 98 99 100 101 102 103 104 105 106 108 109 111 112 113 115 116 117 118 119,75_85,8,1,0,16384,24292082,07c33f8c7719734e78c13d9fbd4edb0564febcfca0df6e4cfd93513bc71724d8,grid,,,,default,default,0.0042724609375,-0.023681640625,0.007812428695289982,0.007810308989240059,0.007812428695289982,0.007810308989240059,0.01397705078125,64,1032,False
ibm_phoenix,dao2pqv8gn2s739nabkg,2026-09-21T01:50:01.331237+00:00,2026-09-20T18:58:51.820228+00:00,data/calibrations/ibm_phoenix_properties_2026-09-20T185845Z.json,85,20 21 22 23 25 26 28 29 30 31 32 33 34 35 36 37 38 39 40 41 42 43 44 45 46 47 48 50 51 52 53 54 56 57 58 60 64 65 66 68 69 70 71 74 75 76 78 79 80 81 82 83 84 85 86 87 88 89 90 91 92 93 94 95 96 97 98 99 100 101 102 103 104 105 106 108 109 111 112 113 115 116 117 118 119,75_85,8,1,0,16384,24292083,c2080744e848b61dfe4bf2cd9ad350edf581e62315790b9928768c6fa6e00fe1,grid,,,,default,default,0.017822265625,-0.01953125,0.007811259146958127,0.007811009741744957,0.007811259146958127,0.007811009741744957,0.0186767578125,64,1032,False
ibm_phoenix,dao2pqv8gn2s739nabkg,2026-09-21T01:50:01.331266+00:00,2026-09-20T18:58:51.820228+00:00,data/calibrations/ibm_phoenix_properties_2026-09-20T185845Z.json,85,20 21 22 23 25 26 28 29 30 31 32 33 34 35 36 37 38 39 40 41 42 43 44 45 46 47 48 50 51 52 53 54 56 57 58 60 64 65 66 68 69 70 71 74 75 76 78 79 80 81 82 83 84 85 86 87 88 89 90 91 92 93 94 95 96 97 98 99 100 101 102 103 104 105 106 108 109 111 112 113 115 116 117 118 119,75_85,8,1,0,16384,24292084,aea9c211b754ba197d90b493a14c273cef47dfef077ca30052ed5221a234c204,grid,,,,default,default,0.0299072265625,0.0003662109375,0.0078090053035278495,0.007812499476131034,0.0078090053035278495,0.007812499476131034,0.0147705078125,64,1032,False
ibm_phoenix,dao2pqv8gn2s739nabkg,2026-09-21T01:50:01.331295+00:00,2026-09-20T18:58:51.820228+00:00,data/calibrations/ibm_phoenix_properties_2026-09-20T185845Z.json,85,20 21 22 23 25 26 28 29 30 31 32 33 34 35 36 37 38 39 40 41 42 43 44 45 46 47 48 50 51 52 53 54 56 57 58 60 64 65 66 68 69 70 71 74 75 76 78 79 80 81 82 83 84 85 86 87 88 89 90 91 92 93 94 95 96 97 98 99 100 101 102 103 104 105 106 108 109 111 112 113 115 116 117 118 119,75_85,8,1,0,16384,24292085,6780d0b6f507dc70912e6fff82d7ba6e00d769c8d75340d4b65744ecb192b993,grid,,,,default,default,0.0040283203125,-0.002685546875,0.007812436611600107,0.007812471827441322,0.007812436611600107,0.007812471827441322,0.00335693359375,64,1032,False
ibm_phoenix,dao2pqv8gn2s739nabkg,2026-09-21T01:50:01.331324+00:00,2026-09-20T18:58:51.820228+00:00,data/calibrations/ibm_phoenix_properties_2026-09-20T185845Z.json,85,20 21 22 23 25 26 28 29 30 31 32 33 34 35 36 37 38 39 40 41 42 43 44 45 46 47 48 50 51 52 53 54 56 57 58 60 64 65 66 68 69 70 71 74 75 76 78 79 80 81 82 83 84 85 86 87 88 89 90 91 92 93 94 95 96 97 98 99 100 101 102 103 104 105 106 108 109 111 112 113 115 116 117 118 119,75_85,8,1,0,16384,24292086,c29d606f268e5183bc2e08076665be73e1cbb4e20f61d734fbcdf8f5b50e089a,grid,,,,default,default,-0.007568359375,-0.0040283203125,0.00781227624654725,0.007812436611600107,0.00781227624654725,0.007812436611600107,-0.00177001953125,64,1032,False
ibm_phoenix,dao2pqv8gn2s739nabkg,2026-09-21T01:50:01.331354+00:00,2026-09-20T18:58:51.820228+00:00,data/calibrations/ibm_phoenix_properties_2026-09-20T185845Z.json,85,20 21 22 23 25 26 28 29 30 31 32 33 34 35 36 37 38 39 40 41 42 43 44 45 46 47 48 50 51 52 53 54 56 57 58 60 64 65 66 68 69 70 71 74 75 76 78 79 80 81 82 83 84 85 86 87 88 89 90 91 92 93 94 95 96 97 98 99 100 101 102 103 104 105 106 108 109 111 112 113 115 116 117 118 119,75_85,8,1,0,16384,24292087,ee490a43eaca4390cdbb41d68dd9049beb79b6cf7a163a93096a1f2935f25726,grid,,,,default,default,0.0128173828125,0.0081787109375,0.007811858234179173,0.007812238701440435,0.007811858234179173,0.007812238701440435,0.0023193359375,64,1032,False
ibm_phoenix,dao2pqv8gn2s739nabkg,2026-09-21T01:50:01.331383+00:00,2026-09-20T18:58:51.820228+00:00,data/calibrations/ibm_phoenix_properties_2026-09-20T185845Z.json,85,20 21 22 23 25 26 28 29 30 31 32 33 34 35 36 37 38 39 40 41 42 43 44 45 46 47 48 50 51 52 53 54 56 57 58 60 64 65 66 68 69 70 71 74 75 76 78 79 80 81 82 83 84 85 86 87 88 89 90 91 92 93 94 95 96 97 98 99 100 101 102 103 104 105 106 108 109 111 112 113 115 116 117 118 119,75_85,8,1,0,16384,24292088,6ab5e404479d48cf0328ea2eb855e0a359fdadbf13000a82217b1a3d3172d94b,grid,,,,default,default,-0.0216064453125,0.013427734375,0.007810676199311309,0.007811795655552477,0.007810676199311309,0.007811795655552477,-0.01751708984375,64,1032,False
ibm_phoenix,dao2pqv8gn2s739nabkg,2026-09-21T01:50:01.331412+00:00,2026-09-20T18:58:51.820228+00:00,data/calibrations/ibm_phoenix_properties_2026-09-20T185845Z.json,85,20 21 22 23 25 26 28 29 30 31 32 33 34 35 36 37 38 39 40 41 42 43 44 45 46 47 48 50 51 52 53 54 56 57 58 60 64 65 66 68 69 70 71 74 75 76 78 79 80 81 82 83 84 85 86 87 88 89 90 91 92 93 94 95 96 97 98 99 100 101 102 103 104 105 106 108 109 111 112 113 115 116 117 118 119,75_85,8,1,0,16384,24292089,414ce66dc4902536ec559dc64aaa4efc297a97b9ae6795c674244bcaff39a228,grid,,,,default,default,0.018310546875,0.0152587890625,0.007811190217835571,0.007811590452352504,0.007811190217835571,0.007811590452352504,0.00152587890625,64,1032,False
ibm_phoenix,dao2pqv8gn2s739nabkg,2026-09-21T01:50:01.331442+00:00,2026-09-20T18:58:51.820228+00:00,data/calibrations/ibm_phoenix_properties_2026-09-20T185845Z.json,85,20 21 22 23 25 26 28 29 30 31 32 33 34 35 36 37 38 39 40 41 42 43 44 45 46 47 48 50 51 52 53 54 56 57 58 60 64 65 66 68 69 70 71 74 75 76 78 79 80 81 82 83 84 85 86 87 88 89 90 91 92 93 94 95 96 97 98 99 100 101 102 103 104 105 106 108 109 111 112 113 115 116 117 118 119,75_85,8,1,0,16384,24292090,651b392f381873c2867ed11019a271880fae100307fc34e9642c5a81b2a381d7,grid,,,,default,default,0.0145263671875,-0.0150146484375,0.007811675677825354,0.007811619326660566,0.007811675677825354,0.007811619326660566,0.0147705078125,64,1032,False
ibm_phoenix,dao2pqv8gn2s739nabkg,2026-09-21T01:50:01.331471+00:00,2026-09-20T18:58:51.820228+00:00,data/calibrations/ibm_phoenix_properties_2026-09-20T185845Z.json,85,20 21 22 23 25 26 28 29 30 31 32 33 34 35 36 37 38 39 40 41 42 43 44 45 46 47 48 50 51 52 53 54 56 57 58 60 64 65 66 68 69 70 71 74 75 76 78 79 80 81 82 83 84 85 86 87 88 89 90 91 92 93 94 95 96 97 98 99 100 101 102 103 104 105 106 108 109 111 112 113 115 116 117 118 119,75_85,8,1,0,16384,24292091,251730f52610994cf85667c27208004404571dfefbae41a7e059abec50550ee0,grid,,,,default,default,0.003173828125,-0.0091552734375,0.007812460651522131,0.007812172575046107,0.007812460651522131,0.007812172575046107,0.00616455078125,64,1032,False
ibm_phoenix,dao2pqv8gn2s739nabkg,2026-09-21T01:50:01.331521+00:00,2026-09-20T18:58:51.820228+00:00,data/calibrations/ibm_phoenix_properties_2026-09-20T185845Z.json,85,20 21 22 23 25 26 28 29 30 31 32 33 34 35 36 37 38 39 40 41 42 43 44 45 46 47 48 50 51 52 53 54 56 57 58 60 64 65 66 68 69 70 71 74 75 76 78 79 80 81 82 83 84 85 86 87 88 89 90 91 92 93 94 95 96 97 98 99 100 101 102 103 104 105 106 108 109 111 112 113 115 116 117 118 119,75_85,8,1,0,16384,24292092,7558c6de3542de0b02f0fb8536035d7284a027bde8a799b513fa4abf5d9f32f3,grid,,,,default,default,0.0067138671875,0.0185546875,0.007812323919841466,0.007811155054434026,0.007812323919841466,0.007811155054434026,-0.00592041015625,64,1032,False
ibm_phoenix,dao2pqv8gn2s739nabkg,2026-09-21T01:50:01.331553+00:00,2026-09-20T18:58:51.820228+00:00,data/calibrations/ibm_phoenix_properties_2026-09-20T185845Z.json,85,20 21 22 23 25 26 28 29 30 31 32 33 34 35 36 37 38 39 40 41 42 43 44 45 46 47 48 50 51 52 53 54 56 57 58 60 64 65 66 68 69 70 71 74 75 76 78 79 80 81 82 83 84 85 86 87 88 89 90 91 92 93 94 95 96 97 98 99 100 101 102 103 104 105 106 108 109 111 112 113 115 116 117 118 119,75_85,8,1,0,16384,24292093,2691004cd841539bd5dff60450f84359e10d4099631b16600eebe03a2699320a,grid,,,,default,default,0.010009765625,0.0018310546875,0.007812108601883699,0.007812486903265317,0.007812108601883699,0.007812486903265317,0.00408935546875,64,1032,False
ibm_phoenix,dao2pqv8gn2s739nabkg,2026-09-21T01:50:01.331583+00:00,2026-09-20T18:58:51.820228+00:00,data/calibrations/ibm_phoenix_properties_2026-09-20T185845Z.json,85,20 21 22 23 25 26 28 29 30 31 32 33 34 35 36 37 38 39 40 41 42 43 44 45 46 47 48 50 51 52 53 54 56 57 58 60 64 65 66 68 69 70 71 74 75 76 78 79 80 81 82 83 84 85 86 87 88 89 90 91 92 93 94 95 96 97 98 99 100 101 102 103 104 105 106 108 109 111 112 113 115 116 117 118 119,75_85,8,1,0,16384,24292094,5d5067f6ccb4d7071958c312c8fdc66a6379575266ab3b7a5d41c6d453c95391,grid,,,,default,default,0.01220703125,-0.0093994140625,0.007811917901705206,0.007812154879155507,0.007811917901705206,0.007812154879155507,0.01080322265625,64,1032,False
ibm_phoenix,dao2pqv8gn2s739nabkg,2026-09-21T01:50:01.331613+00:00,2026-09-20T18:58:51.820228+00:00,data/calibrations/ibm_phoenix_properties_2026-09-20T185845Z.json,85,20 21 22 23 25 26 28 29 30 31 32 33 34 35 36 37 38 39 40 41 42 43 44 45 46 47 48 50 51 52 53 54 56 57 58 60 64 65 66 68 69 70 71 74 75 76 78 79 80 81 82 83 84 85 86 87 88 89 90 91 92 93 94 95 96 97 98 99 100 101 102 103 104 105 106 108 109 111 112 113 115 116 117 118 119,75_85,8,1,0,16384,24292095,22d25a11ee76392f0776b7024b7b5967f23444ac09a84128d4b1abe2027a2f90,grid,,,,default,default,-0.0072021484375,-0.0013427734375,0.007812297376504758,0.007812492956869855,0.007812297376504758,0.007812492956869855,-0.0029296875,64,1032,False
ibm_phoenix,dao2pqv8gn2s739nabkg,2026-09-21T01:50:01.331642+00:00,2026-09-20T18:58:51.820228+00:00,data/calibrations/ibm_phoenix_properties_2026-09-20T185845Z.json,85,20 21 22 23 25 26 28 29 30 31 32 33 34 35 36 37 38 39 40 41 42 43 44 45 46 47 48 50 51 52 53 54 56 57 58 60 64 65 66 68 69 70 71 74 75 76 78 79 80 81 82 83 84 85 86 87 88 89 90 91 92 93 94 95 96 97 98 99 100 101 102 103 104 105 106 108 109 111 112 113 115 116 117 118 119,75_85,8,1,0,16384,24292096,4651117446aac0b7bd59451d6a5d03e7035fcc7998b02bdce9d346ad1e224b1a,grid,,,,default,default,0.003173828125,0.0115966796875,0.007812460651522131,0.007811974658197279,0.007812460651522131,0.007811974658197279,-0.00421142578125,64,1032,False
ibm_phoenix,dao2pqv8gn2s739nabkg,2026-09-21T01:50:01.331672+00:00,2026-09-20T18:58:51.820228+00:00,data/calibrations/ibm_phoenix_properties_2026-09-20T185845Z.json,85,20 21 22 23 25 26 28 29 30 31 32 33 34 35 36 37 38 39 40 41 42 43 44 45 46 47 48 50 51 52 53 54 56 57 58 60 64 65 66 68 69 70 71 74 75 76 78 79 80 81 82 83 84 85 86 87 88 89 90 91 92 93 94 95 96 97 98 99 100 101 102 103 104 105 106 108 109 111 112 113 115 116 117 118 119,75_85,8,1,0,16384,24292097,7849baaced651727ebc7e516ccf1a8a88a31fefa2e868c2db3b0fb608e36071a,grid,,,,default,default,0.00537109375,-0.0001220703125,0.007812387309155721,0.007812499941792339,0.007812387309155721,0.007812499941792339,0.00274658203125,64,1032,False
ibm_phoenix,dao2pqv8gn2s739nabkg,2026-09-21T01:50:01.331701+00:00,2026-09-20T18:58:51.820228+00:00,data/calibrations/ibm_phoenix_properties_2026-09-20T185845Z.json,85,20 21 22 23 25 26 28 29 30 31 32 33 34 35 36 37 38 39 40 41 42 43 44 45 46 47 48 50 51 52 53 54 56 57 58 60 64 65 66 68 69 70 71 74 75 76 78 79 80 81 82 83 84 85 86 87 88 89 90 91 92 93 94 95 96 97 98 99 100 101 102 103 104 105 106 108 109 111 112 113 115 116 117 118 119,75_85,8,1,0,16384,24292098,80c434faf9c4ed77ddd45e54aeb88407a58361aa5c17da46b5250493df8b796d,grid,,,,default,default,0.044921875,-0.0062255859375,0.007804613304931072,0.0078123486004069665,0.007804613304931072,0.0078123486004069665,0.02557373046875,64,1032,False
ibm_phoenix,dao2pqv8gn2s739nabkg,2026-09-21T01:50:01.331730+00:00,2026-09-20T18:58:51.820228+00:00,data/calibrations/ibm_phoenix_properties_2026-09-20T185845Z.json,85,20 21 22 23 25 26 28 29 30 31 32 33 34 35 36 37 38 39 40 41 42 43 44 45 46 47 48 50 51 52 53 54 56 57 58 60 64 65 66 68 69 70 71 74 75 76 78 79 80 81 82 83 84 85 86 87 88 89 90 91 92 93 94 95 96 97 98 99 100 101 102 103 104 105 106 108 109 111 112 113 115 116 117 118 119,75_85,8,1,0,16384,24292099,a39fb5d02bbceb51cb2c9494ca09779e11ba0d926734b018310874b5af2e7cbb,grid,,,,default,default,-0.009033203125,0.0064697265625,0.00781218124834627,0.0078123364929694825,0.00781218124834627,0.0078123364929694825,-0.00775146484375,64,1032,False
ibm_phoenix,dao2pqv8gn2s739nabkg,2026-09-21T01:50:01.331759+00:00,2026-09-20T18:58:51.820228+00:00,data/calibrations/ibm_phoenix_properties_2026-09-20T185845Z.json,85,20 21 22 23 25 26 28 29 30 31 32 33 34 35 36 37 38 39 40 41 42 43 44 45 46 47 48 50 51 52 53 54 56 57 58 60 64 65 66 68 69 70 71 74 75 76 78 79 80 81 82 83 84 85 86 87 88 89 90 91 92 93 94 95 96 97 98 99 100 101 102 103 104 105 106 108 109 111 112 113 115 116 117 118 119,75_85,8,1,0,16384,24292100,11e4524912619d61c1dd227d5156a8d63dc2e36665ef656b8fc8504973d7001e,grid,,,,default,default,-0.0003662109375,-0.0006103515625,0.007812499476131034,0.007812498544808342,0.007812499476131034,0.007812498544808342,0.0001220703125,64,1032,False
ibm_phoenix,dao2pqv8gn2s739nabkg,2026-09-21T01:50:01.331788+00:00,2026-09-20T18:58:51.820228+00:00,data/calibrations/ibm_phoenix_properties_2026-09-20T185845Z.json,85,20 21 22 23 25 26 28 29 30 31 32 33 34 35 36 37 38 39 40 41 42 43 44 45 46 47 48 50 51 52 53 54 56 57 58 60 64 65 66 68 69 70 71 74 75 76 78 79 80 81 82 83 84 85 86 87 88 89 90 91 92 93 94 95 96 97 98 99 100 101 102 103 104 105 106 108 109 111 112 113 115 116 117 118 119,75_85,8,1,0,16384,24292101,dd010944b189e66a1231c2ec3cbcdd827b763e718767f40724b9cc9ad0197294,grid,,,,default,default,-0.0037841796875,-0.0059814453125,0.007812444062237604,0.0078123602421560825,0.007812444062237604,0.0078123602421560825,0.0010986328125,64,1032,False
ibm_phoenix,dao2pqv8gn2s739nabkg,2026-09-21T01:50:01.331818+00:00,2026-09-20T18:58:51.820228+00:00,data/calibrations/ibm_phoenix_properties_2026-09-20T185845Z.json,85,20 21 22 23 25 26 28 29 30 31 32 33 34 35 36 37 38 39 40 41 42 43 44 45 46 47 48 50 51 52 53 54 56 57 58 60 64 65 66 68 69 70 71 74 75 76 78 79 80 81 82 83 84 85 86 87 88 89 90 91 92 93 94 95 96 97 98 99 100 101 102 103 104 105 106 108 109 111 112 113 115 116 117 118 119,75_85,8,1,0,16384,24292102,7a43edfd52fe818c68e44dab22163a139ce0842ff430c96d18286cdcf37b3648,grid,,,,default,default,-0.013427734375,0.0123291015625,0.007811795655552477,0.007811906201084804,0.007811795655552477,0.007811906201084804,-0.01287841796875,64,1032,False
ibm_phoenix,dao2pqv8gn2s739nabkg,2026-09-21T01:50:01.331848+00:00,2026-09-20T18:58:51.820228+00:00,data/calibrations/ibm_phoenix_properties_2026-09-20T185845Z.json,85,20 21 22 23 25 26 28 29 30 31 32 33 34 35 36 37 38 39 40 41 42 43 44 45 46 47 48 50 51 52 53 54 56 57 58 60 64 65 66 68 69 70 71 74 75 76 78 79 80 81 82 83 84 85 86 87 88 89 90 91 92 93 94 95 96 97 98 99 100 101 102 103 104 105 106 108 109 111 112 113 115 116 117 118 119,75_85,8,1,0,16384,24292103,58ce901635a450deb130ce189b3dbcc7fdf2451733c4b09df5aa93142e3c4fbb,grid,,,,default,default,0.0125732421875,-0.0032958984375,0.007811882450517857,0.0078124575664999555,0.007811882450517857,0.0078124575664999555,0.0079345703125,64,1032,False
ibm_phoenix,dao2pqv8gn2s739nabkg,2026-09-21T01:50:01.331877+00:00,2026-09-20T18:58:51.820228+00:00,data/calibrations/ibm_phoenix_properties_2026-09-20T185845Z.json,85,20 21 22 23 25 26 28 29 30 31 32 33 34 35 36 37 38 39 40 41 42 43 44 45 46 47 48 50 51 52 53 54 56 57 58 60 64 65 66 68 69 70 71 74 75 76 78 79 80 81 82 83 84 85 86 87 88 89 90 91 92 93 94 95 96 97 98 99 100 101 102 103 104 105 106 108 109 111 112 113 115 116 117 118 119,75_85,8,1,0,16384,24292104,51bb5df876ae651f032951e3e35703c4088263adc6acf2b14356cf1195fe9950,grid,,,,default,default,0.0147705078125,-0.0272216796875,0.007811647735149822,0.007809604854791024,0.007811647735149822,0.007809604854791024,0.02099609375,64,1032,False
ibm_phoenix,dao2pqv8gn2s739nabkg,2026-09-21T01:50:01.331906+00:00,2026-09-20T18:58:51.820228+00:00,data/calibrations/ibm_phoenix_properties_2026-09-20T185845Z.json,85,20 21 22 23 25 26 28 29 30 31 32 33 34 35 36 37 38 39 40 41 42 43 44 45 46 47 48 50 51 52 53 54 56 57 58 60 64 65 66 68 69 70 71 74 75 76 78 79 80 81 82 83 84 85 86 87 88 89 90 91 92 93 94 95 96 97 98 99 100 101 102 103 104 105 106 108 109 111 112 113 115 116 117 118 119,75_85,8,1,0,16384,24292105,6af04601feb7e82e2408aa942ce0f0e1ec07442b8eb5f9e1a993df724819f3a9,grid,,,,default,default,0.01416015625,-0.0023193359375,0.007811716718448829,0.007812478987006152,0.007811716718448829,0.007812478987006152,0.00823974609375,64,1032,False
ibm_phoenix,dao2pqv8gn2s739nabkg,2026-09-21T01:50:01.331936+00:00,2026-09-20T18:58:51.820228+00:00,data/calibrations/ibm_phoenix_properties_2026-09-20T185845Z.json,85,20 21 22 23 25 26 28 29 30 31 32 33 34 35 36 37 38 39 40 41 42 43 44 45 46 47 48 50 51 52 53 54 56 57 58 60 64 65 66 68 69 70 71 74 75 76 78 79 80 81 82 83 84 85 86 87 88 89 90 91 92 93 94 95 96 97 98 99 100 101 102 103 104 105 106 108 109 111 112 113 115 116 117 118 119,75_85,8,1,0,16384,24292106,8140e1a18fa7b1e256221f87f617d16947ae5ad8507701a50a604b5c84d58c56,grid,,,,default,default,0.002685546875,-0.0174560546875,0.007812471827441322,0.0078113096208538195,0.007812471827441322,0.0078113096208538195,0.01007080078125,64,1032,False
ibm_phoenix,dao2pqv8gn2s739nabkg,2026-09-21T01:50:01.331964+00:00,2026-09-20T18:58:51.820228+00:00,data/calibrations/ibm_phoenix_properties_2026-09-20T185845Z.json,85,20 21 22 23 25 26 28 29 30 31 32 33 34 35 36 37 38 39 40 41 42 43 44 45 46 47 48 50 51 52 53 54 56 57 58 60 64 65 66 68 69 70 71 74 75 76 78 79 80 81 82 83 84 85 86 87 88 89 90 91 92 93 94 95 96 97 98 99 100 101 102 103 104 105 106 108 109 111 112 113 115 116 117 118 119,75_85,8,1,0,16384,24292107,3567d9ad9d467fe4216b822e96461bd2c09d58b1dace9a19b52bb58dd22b0b21,grid,,,,default,default,-0.0284423828125,-0.0335693359375,0.007809339324945193,0.007808096804803231,0.007809339324945193,0.007808096804803231,0.0025634765625,64,1032,False
ibm_phoenix,dao2pqv8gn2s739nabkg,2026-09-21T01:50:01.331992+00:00,2026-09-20T18:58:51.820228+00:00,data/calibrations/ibm_phoenix_properties_2026-09-20T185845Z.json,85,20 21 22 23 25 26 28 29 30 31 32 33 34 35 36 37 38 39 40 41 42 43 44 45 46 47 48 50 51 52 53 54 56 57 58 60 64 65 66 68 69 70 71 74 75 76 78 79 80 81 82 83 84 85 86 87 88 89 90 91 92 93 94 95 96 97 98 99 100 101 102 103 104 105 106 108 109 111 112 113 115 116 117 118 119,75_85,8,1,0,16384,24292108,d8f57b55e07024f7b6a0e4d682fbcec83f7c4ff244c5149633ef5fdcdb775fbe,grid,,,,default,default,-0.0096435546875,0.0074462890625,0.007812136717541894,0.00781228340629132,0.007812136717541894,0.00781228340629132,-0.008544921875,64,1032,False
ibm_phoenix,dao2pqv8gn2s739nabkg,2026-09-21T01:50:01.332021+00:00,2026-09-20T18:58:51.820228+00:00,data/calibrations/ibm_phoenix_properties_2026-09-20T185845Z.json,85,20 21 22 23 25 26 28 29 30 31 32 33 34 35 36 37 38 39 40 41 42 43 44 45 46 47 48 50 51 52 53 54 56 57 58 60 64 65 66 68 69 70 71 74 75 76 78 79 80 81 82 83 84 85 86 87 88 89 90 91 92 93 94 95 96 97 98 99 100 101 102 103 104 105 106 108 109 111 112 113 115 116 117 118 119,75_85,8,1,0,16384,24292109,0c607a947de6f5616300f2a8e54cb2ae53b66e856625ca181956bd4b98a62be7,grid,,,,default,default,-0.0087890625,-0.004638671875,0.0078121982456582605,0.007812415947685494,0.0078121982456582605,0.007812415947685494,-0.0020751953125,64,1032,False
ibm_phoenix,dao2pqv8gn2s739nabkg,2026-09-21T01:50:01.332049+00:00,2026-09-20T18:58:51.820228+00:00,data/calibrations/ibm_phoenix_properties_2026-09-20T185845Z.json,85,20 21 22 23 25 26 28 29 30 31 32 33 34 35 36 37 38 39 40 41 42 43 44 45 46 47 48 50 51 52 53 54 56 57 58 60 64 65 66 68 69 70 71 74 75 76 78 79 80 81 82 83 84 85 86 87 88 89 90 91 92 93 94 95 96 97 98 99 100 101 102 103 104 105 106 108 109 111 112 113 115 116 117 118 119,75_85,8,1,0,16384,24292110,89b7a282a93b9591f73b6c18d701d26a9488a26b918cc03dc6f299f703103775,grid,,,,default,default,-0.0045166015625,0.00439453125,0.0078124203133058115,0.007812424562507244,0.0078124203133058115,0.007812424562507244,-0.00445556640625,64,1032,False
ibm_phoenix,dao2pqv8gn2s739nabkg,2026-09-21T01:50:01.332079+00:00,2026-09-20T18:58:51.820228+00:00,data/calibrations/ibm_phoenix_properties_2026-09-20T185845Z.json,85,20 21 22 23 25 26 28 29 30 31 32 33 34 35 36 37 38 39 40 41 42 43 44 45 46 47 48 50 51 52 53 54 56 57 58 60 64 65 66 68 69 70 71 74 75 76 78 79 80 81 82 83 84 85 86 87 88 89 90 91 92 93 94 95 96 97 98 99 100 101 102 103 104 105 106 108 109 111 112 113 115 116 117 118 119,75_85,8,1,0,16384,24292111,60c97042c13eaa937da73fe802ea2fd5b4113cc2968f32d8b20663a64b079a80,grid,,,,default,default,-0.04541015625,0.0133056640625,0.007804440834242378,0.007811808404169181,0.007804440834242378,0.007811808404169181,-0.02935791015625,64,1032,False
ibm_phoenix,dao2pqv8gn2s739nabkg,2026-09-21T01:50:01.332107+00:00,2026-09-20T18:58:51.820228+00:00,data/calibrations/ibm_phoenix_properties_2026-09-20T185845Z.json,85,20 21 22 23 25 26 28 29 30 31 32 33 34 35 36 37 38 39 40 41 42 43 44 45 46 47 48 50 51 52 53 54 56 57 58 60 64 65 66 68 69 70 71 74 75 76 78 79 80 81 82 83 84 85 86 87 88 89 90 91 92 93 94 95 96 97 98 99 100 101 102 103 104 105 106 108 109 111 112 113 115 116 117 118 119,75_85,8,1,0,16384,24292112,a8ed36bc1ac6845c8add9789eef7cceaf911a57938d9aad70432691f100bad39,grid,,,,default,default,0.0621337890625,0.017578125,0.007797404917866582,0.007811292912691473,0.007797404917866582,0.007811292912691473,0.02227783203125,64,1032,False
ibm_phoenix,dao2pqv8gn2s739nabkg,2026-09-21T01:50:01.332136+00:00,2026-09-20T18:58:51.820228+00:00,data/calibrations/ibm_phoenix_properties_2026-09-20T185845Z.json,85,20 21 22 23 25 26 28 29 30 31 32 33 34 35 36 37 38 39 40 41 42 43 44 45 46 47 48 50 51 52 53 54 56 57 58 60 64 65 66 68 69 70 71 74 75 76 78 79 80 81 82 83 84 85 86 87 88 89 90 91 92 93 94 95 96 97 98 99 100 101 102 103 104 105 106 108 109 111 112 113 115 116 117 118 119,75_85,8,1,0,16384,24292113,4fd274730826b6bfbea24cd3acd753263550897f9844bd2abe38c0a03e04c260,grid,,,,default,default,-0.002197265625,-0.00537109375,0.007812481140695101,0.007812387309155721,0.007812481140695101,0.007812387309155721,0.0015869140625,64,1032,False
ibm_phoenix,dao2pqv8gn2s739nabkg,2026-09-21T01:50:01.332165+00:00,2026-09-20T18:58:51.820228+00:00,data/calibrations/ibm_phoenix_properties_2026-09-20T185845Z.json,85,20 21 22 23 25 26 28 29 30 31 32 33 34 35 36 37 38 39 40 41 42 43 44 45 46 47 48 50 51 52 53 54 56 57 58 60 64 65 66 68 69 70 71 74 75 76 78 79 80 81 82 83 84 85 86 87 88 89 90 91 92 93 94 95 96 97 98 99 100 101 102 103 104 105 106 108 109 111 112 113 115 116 117 118 119,75_85,8,1,0,16384,24292114,4d3cd2a96c122ec43e198831bc95a534c96d7d4cb140c25fb08bfb92d7c42fb5,grid,,,,default,default,-0.0028076171875,0.0010986328125,0.007812469208086695,0.0078124952851780435,0.007812469208086695,0.0078124952851780435,-0.001953125,64,1032,False
ibm_phoenix,dao2pqv8gn2s739nabkg,2026-09-21T01:50:01.332194+00:00,2026-09-20T18:58:51.820228+00:00,data/calibrations/ibm_phoenix_properties_2026-09-20T185845Z.json,85,20 21 22 23 25 26 28 29 30 31 32 33 34 35 36 37 38 39 40 41 42 43 44 45 46 47 48 50 51 52 53 54 56 57 58 60 64 65 66 68 69 70 71 74 75 76 78 79 80 81 82 83 84 85 86 87 88 89 90 91 92 93 94 95 96 97 98 99 100 101 102 103 104 105 106 108 109 111 112 113 115 116 117 118 119,75_85,8,1,0,16384,24292115,408e3f0c2789e58b21662db18850bed2f8856d89ad093befe550a8609f9cb7c2,grid,,,,default,default,-0.0079345703125,-0.021484375,0.007812254068761781,0.007810696751386389,0.007812254068761781,0.007810696751386389,0.00677490234375,64,1032,False
ibm_phoenix,dao2pqv8gn2s739nabkg,2026-09-21T01:50:01.332224+00:00,2026-09-20T18:58:51.820228+00:00,data/calibrations/ibm_phoenix_properties_2026-09-20T185845Z.json,85,20 21 22 23 25 26 28 29 30 31 32 33 34 35 36 37 38 39 40 41 42 43 44 45 46 47 48 50 51 52 53 54 56 57 58 60 64 65 66 68 69 70 71 74 75 76 78 79 80 81 82 83 84 85 86 87 88 89 90 91 92 93 94 95 96 97 98 99 100 101 102 103 104 105 106 108 109 111 112 113 115 116 117 118 119,75_85,8,1,0,16384,24292116,9084c9e3e90b3e782d4ede5e945290965f0b879d4802eed118615aec534296f2,grid,,,,default,default,0.0052490234375,0.005859375,0.0078123923732936265,0.007812365888398156,0.0078123923732936265,0.007812365888398156,-0.00030517578125,64,1032,False
ibm_phoenix,dao2pqv8gn2s739nabkg,2026-09-21T01:50:01.332252+00:00,2026-09-20T18:58:51.820228+00:00,data/calibrations/ibm_phoenix_properties_2026-09-20T185845Z.json,85,20 21 22 23 25 26 28 29 30 31 32 33 34 35 36 37 38 39 40 41 42 43 44 45 46 47 48 50 51 52 53 54 56 57 58 60 64 65 66 68 69 70 71 74 75 76 78 79 80 81 82 83 84 85 86 87 88 89 90 91 92 93 94 95 96 97 98 99 100 101 102 103 104 105 106 108 109 111 112 113 115 116 117 118 119,75_85,8,1,0,16384,24292117,39e66578fc1c8762d8de5707ce565b342d2ee362f8578040878ef8aa56e9f166,grid,,,,default,default,0.0018310546875,0.006103515625,0.007812486903265317,0.0078123544794924385,0.007812486903265317,0.0078123544794924385,-0.00213623046875,64,1032,False
ibm_phoenix,dao2pqv8gn2s739nabkg,2026-09-21T01:50:01.332281+00:00,2026-09-20T18:58:51.820228+00:00,data/calibrations/ibm_phoenix_properties_2026-09-20T185845Z.json,85,20 21 22 23 25 26 28 29 30 31 32 33 34 35 36 37 38 39 40 41 42 43 44 45 46 47 48 50 51 52 53 54 56 57 58 60 64 65 66 68 69 70 71 74 75 76 78 79 80 81 82 83 84 85 86 87 88 89 90 91 92 93 94 95 96 97 98 99 100 101 102 103 104 105 106 108 109 111 112 113 115 116 117 118 119,75_85,8,1,0,16384,24292118,36cbb9f668f9f0eeb209fe8e14045482d799d8810e5f6e8a8bb67e81ae8c090f,grid,,,,default,default,0.00439453125,-0.0079345703125,0.007812424562507244,0.007812254068761781,0.007812424562507244,0.007812254068761781,0.00616455078125,64,1032,False
ibm_phoenix,dao2pqv8gn2s739nabkg,2026-09-21T01:50:01.332310+00:00,2026-09-20T18:58:51.820228+00:00,data/calibrations/ibm_phoenix_properties_2026-09-20T185845Z.json,85,20 21 22 23 25 26 28 29 30 31 32 33 34 35 36 37 38 39 40 41 42 43 44 45 46 47 48 50 51 52 53 54 56 57 58 60 64 65 66 68 69 70 71 74 75 76 78 79 80 81 82 83 84 85 86 87 88 89 90 91 92 93 94 95 96 97 98 99 100 101 102 103 104 105 106 108 109 111 112 113 115 116 117 118 119,75_85,8,1,0,16384,24292119,972fa983fa5941d95fdcfc5c3ca753299d127c195cc27534b346fdb87bfd564a,grid,,,,default,default,-0.0072021484375,0.000732421875,0.007812297376504758,0.007812497904523926,0.007812297376504758,0.007812497904523926,-0.00396728515625,64,1032,False
ibm_phoenix,dao2pqv8gn2s739nabkg,2026-09-21T01:50:01.332339+00:00,2026-09-20T18:58:51.820228+00:00,data/calibrations/ibm_phoenix_properties_2026-09-20T185845Z.json,85,20 21 22 23 25 26 28 29 30 31 32 33 34 35 36 37 38 39 40 41 42 43 44 45 46 47 48 50 51 52 53 54 56 57 58 60 64 65 66 68 69 70 71 74 75 76 78 79 80 81 82 83 84 85 86 87 88 89 90 91 92 93 94 95 96 97 98 99 100 101 102 103 104 105 106 108 109 111 112 113 115 116 117 118 119,75_85,8,1,0,16384,24292120,9784c9dc66147f5f18c47470fa3d84582ea7182558365ff9ca3939e60d17901c,grid,,,,default,default,-0.0106201171875,-0.00048828125,0.007812059413791109,0.00781249906867737,0.007812059413791109,0.00781249906867737,-0.00506591796875,64,1032,False
ibm_phoenix,dao2pqv8gn2s739nabkg,2026-09-21T01:50:01.332368+00:00,2026-09-20T18:58:51.820228+00:00,data/calibrations/ibm_phoenix_properties_2026-09-20T185845Z.json,85,20 21 22 23 25 26 28 29 30 31 32 33 34 35 36 37 38 39 40 41 42 43 44 45 46 47 48 50 51 52 53 54 56 57 58 60 64 65 66 68 69 70 71 74 75 76 78 79 80 81 82 83 84 85 86 87 88 89 90 91 92 93 94 95 96 97 98 99 100 101 102 103 104 105 106 108 109 111 112 113 115 116 117 118 119,75_85,8,1,0,16384,24292121,0baeadfd6997d5778fd325ee52a92ce0651cfd252feca41b8a52aa249ef508cc,grid,,,,default,default,0.00244140625,-0.0379638671875,0.00781247671690094,0.0078068680668338325,0.00781247671690094,0.0078068680668338325,0.02020263671875,64,1032,False
ibm_phoenix,dao2pqv8gn2s739nabkg,2026-09-21T01:50:01.332398+00:00,2026-09-20T18:58:51.820228+00:00,data/calibrations/ibm_phoenix_properties_2026-09-20T185845Z.json,85,20 21 22 23 25 26 28 29 30 31 32 33 34 35 36 37 38 39 40 41 42 43 44 45 46 47 48 50 51 52 53 54 56 57 58 60 64 65 66 68 69 70 71 74 75 76 78 79 80 81 82 83 84 85 86 87 88 89 90 91 92 93 94 95 96 97 98 99 100 101 102 103 104 105 106 108 109 111 112 113 115 116 117 118 119,75_85,8,1,0,16384,24292122,ff777142c0815618518b71975bf4c89991254a59a997825f5e1eb76ba08cf056,grid,,,,default,default,-0.008056640625,-0.0032958984375,0.007812246443314437,0.0078124575664999555,0.007812246443314437,0.0078124575664999555,-0.00238037109375,64,1032,False
ibm_phoenix,dao2pqv8gn2s739nabkg,2026-09-21T01:50:01.332427+00:00,2026-09-20T18:58:51.820228+00:00,data/calibrations/ibm_phoenix_properties_2026-09-20T185845Z.json,85,20 21 22 23 25 26 28 29 30 31 32 33 34 35 36 37 38 39 40 41 42 43 44 45 46 47 48 50 51 52 53 54 56 57 58 60 64 65 66 68 69 70 71 74 75 76 78 79 80 81 82 83 84 85 86 87 88 89 90 91 92 93 94 95 96 97 98 99 100 101 102 103 104 105 106 108 109 111 112 113 115 116 117 118 119,75_85,8,1,0,16384,24292123,f94be4b515d61873257dbe9df2eedde82b5646684c446c3de58794d2ee62b019,grid,,,,default,default,0.007080078125,-0.0013427734375,0.007812304186974752,0.007812492956869855,0.007812304186974752,0.007812492956869855,0.00421142578125,64,1032,False
ibm_phoenix,dao2pqv8gn2s739nabkg,2026-09-21T01:50:01.332457+00:00,2026-09-20T18:58:51.820228+00:00,data/calibrations/ibm_phoenix_properties_2026-09-20T185845Z.json,85,20 21 22 23 25 26 28 29 30 31 32 33 34 35 36 37 38 39 40 41 42 43 44 45 46 47 48 50 51 52 53 54 56 57 58 60 64 65 66 68 69 70 71 74 75 76 78 79 80 81 82 83 84 85 86 87 88 89 90 91 92 93 94 95 96 97 98 99 100 101 102 103 104 105 106 108 109 111 112 113 115 116 117 118 119,75_85,8,1,0,16384,24292124,c630d6571e5a0eb52a11ea0f20fb85bb6b2353570ffe028c1c427980d289d2eb,grid,,,,default,default,-0.0062255859375,-0.0013427734375,0.0078123486004069665,0.007812492956869855,0.0078123486004069665,0.007812492956869855,-0.00244140625,64,1032,False
ibm_phoenix,dao2pqv8gn2s739nabkg,2026-09-21T01:50:01.332529+00:00,2026-09-20T18:58:51.820228+00:00,data/calibrations/ibm_phoenix_properties_2026-09-20T185845Z.json,85,20 21 22 23 25 26 28 29 30 31 32 33 34 35 36 37 38 39 40 41 42 43 44 45 46 47 48 50 51 52 53 54 56 57 58 60 64 65 66 68 69 70 71 74 75 76 78 79 80 81 82 83 84 85 86 87 88 89 90 91 92 93 94 95 96 97 98 99 100 101 102 103 104 105 106 108 109 111 112 113 115 116 117 118 119,75_85,8,1,0,16384,24292125,e7714f54ca98abefb920fa3fd919e5c3c8382bbf5153917f0e319611982c9319,grid,,,,default,default,0.0025634765625,-0.001220703125,0.007812474330379366,0.00781249417923174,0.007812474330379366,0.00781249417923174,0.00189208984375,64,1032,False
ibm_phoenix,dao2pqv8gn2s739nabkg,2026-09-21T01:50:01.332571+00:00,2026-09-20T18:58:51.820228+00:00,data/calibrations/ibm_phoenix_properties_2026-09-20T185845Z.json,85,20 21 22 23 25 26 28 29 30 31 32 33 34 35 36 37 38 39 40 41 42 43 44 45 46 47 48 50 51 52 53 54 56 57 58 60 64 65 66 68 69 70 71 74 75 76 78 79 80 81 82 83 84 85 86 87 88 89 90 91 92 93 94 95 96 97 98 99 100 101 102 103 104 105 106 108 109 111 112 113 115 116 117 118 119,75_85,8,1,0,16384,24292126,b140760b8fb46eb4c37d43190d6973e453b730ec74c3f28e8d122189f53d70b7,grid,,,,default,default,-0.0166015625,0.0145263671875,0.00781142331691197,0.007811675677825354,0.00781142331691197,0.007811675677825354,-0.01556396484375,64,1032,False
ibm_phoenix,dao2pqv8gn2s739nabkg,2026-09-21T01:50:01.332604+00:00,2026-09-20T18:58:51.820228+00:00,data/calibrations/ibm_phoenix_properties_2026-09-20T185845Z.json,85,20 21 22 23 25 26 28 29 30 31 32 33 34 35 36 37 38 39 40 41 42 43 44 45 46 47 48 50 51 52 53 54 56 57 58 60 64 65 66 68 69 70 71 74 75 76 78 79 80 81 82 83 84 85 86 87 88 89 90 91 92 93 94 95 96 97 98 99 100 101 102 103 104 105 106 108 109 111 112 113 115 116 117 118 119,75_85,8,1,0,16384,24292127,08fdff8aa6f93b3abf16f6374f24e71a25cdcac34558bfdc5024cd724b581c74,grid,,,,default,default,-0.0079345703125,-0.0068359375,0.007812254068761781,0.0078123174586428095,0.007812254068761781,0.0078123174586428095,-0.00054931640625,64,1032,False
ibm_phoenix,dao2pqv8gn2s739nabkg,2026-09-21T01:50:01.332635+00:00,2026-09-20T18:58:51.820228+00:00,data/calibrations/ibm_phoenix_properties_2026-09-20T185845Z.json,85,20 21 22 23 25 26 28 29 30 31 32 33 34 35 36 37 38 39 40 41 42 43 44 45 46 47 48 50 51 52 53 54 56 57 58 60 64 65 66 68 69 70 71 74 75 76 78 79 80 81 82 83 84 85 86 87 88 89 90 91 92 93 94 95 96 97 98 99 100 101 102 103 104 105 106 108 109 111 112 113 115 116 117 118 119,75_85,8,1,0,16384,24292128,7985c95225acbf63c0f64a83a807352920e1616883d67eedf8c9e29519725d2d,grid,,,,default,default,-0.007080078125,-0.003173828125,0.007812304186974752,0.007812460651522131,0.007812304186974752,0.007812460651522131,-0.001953125,64,1032,False
ibm_phoenix,dao2pqv8gn2s739nabkg,2026-09-21T01:50:01.332667+00:00,2026-09-20T18:58:51.820228+00:00,data/calibrations/ibm_phoenix_properties_2026-09-20T185845Z.json,85,20 21 22 23 25 26 28 29 30 31 32 33 34 35 36 37 38 39 40 41 42 43 44 45 46 47 48 50 51 52 53 54 56 57 58 60 64 65 66 68 69 70 71 74 75 76 78 79 80 81 82 83 84 85 86 87 88 89 90 91 92 93 94 95 96 97 98 99 100 101 102 103 104 105 106 108 109 111 112 113 115 116 117 118 119,75_85,8,1,0,16384,24292129,e5ae3c351fcdce1371bfb5374bab93545886eaa5cfeb308c715d18ff64c08531,grid,,,,default,default,-0.020263671875,-0.02783203125,0.007810895865007928,0.0078094735467522415,0.007810895865007928,0.0078094735467522415,0.0037841796875,64,1032,False
ibm_phoenix,dao2pqv8gn2s739nabkg,2026-09-21T01:50:01.332698+00:00,2026-09-20T18:58:51.820228+00:00,data/calibrations/ibm_phoenix_properties_2026-09-20T185845Z.json,85,20 21 22 23 25 26 28 29 30 31 32 33 34 35 36 37 38 39 40 41 42 43 44 45 46 47 48 50 51 52 53 54 56 57 58 60 64 65 66 68 69 70 71 74 75 76 78 79 80 81 82 83 84 85 86 87 88 89 90 91 92 93 94 95 96 97 98 99 100 101 102 103 104 105 106 108 109 111 112 113 115 116 117 118 119,75_85,8,1,0,16384,24292130,71f1af9b237795eb7e5b4b4d8587d48e7cb213c6a2245c60ee2558ff52b54a88,grid,,,,default,default,-0.004150390625,-0.0103759765625,0.00781243271165421,0.0078120794383300845,0.00781243271165421,0.0078120794383300845,0.00311279296875,64,1032,False
ibm_phoenix,dao2pqv8gn2s739nabkg,2026-09-21T01:50:01.332728+00:00,2026-09-20T18:58:51.820228+00:00,data/calibrations/ibm_phoenix_properties_2026-09-20T185845Z.json,85,20 21 22 23 25 26 28 29 30 31 32 33 34 35 36 37 38 39 40 41 42 43 44 45 46 47 48 50 51 52 53 54 56 57 58 60 64 65 66 68 69 70 71 74 75 76 78 79 80 81 82 83 84 85 86 87 88 89 90 91 92 93 94 95 96 97 98 99 100 101 102 103 104 105 106 108 109 111 112 113 115 116 117 118 119,75_85,8,1,0,16384,24292131,ce3852237f55739558c43fd2858d4ac5da149c6ea3c18ba4fb7a8a75d0bffb91,grid,,,,default,default,0.00390625,0.0172119140625,0.007812440395127849,0.007811342687773597,0.007812440395127849,0.007811342687773597,-0.00665283203125,64,1032,False
ibm_phoenix,dao2pqv8gn2s739nabkg,2026-09-21T01:50:01.332759+00:00,2026-09-20T18:58:51.820228+00:00,data/calibrations/ibm_phoenix_properties_2026-09-20T185845Z.json,85,20 21 22 23 25 26 28 29 30 31 32 33 34 35 36 37 38 39 40 41 42 43 44 45 46 47 48 50 51 52 53 54 56 57 58 60 64 65 66 68 69 70 71 74 75 76 78 79 80 81 82 83 84 85 86 87 88 89 90 91 92 93 94 95 96 97 98 99 100 101 102 103 104 105 106 108 109 111 112 113 115 116 117 118 119,75_85,8,1,0,16384,24292132,021cf0b88dc52b9cbcc9cb7f0b4263c707f07f0028cdadc88cb81ab48bb0b1ef,grid,,,,default,default,-0.0037841796875,0.0198974609375,0.007812444062237604,0.007810953327556669,0.007812444062237604,0.007810953327556669,-0.0118408203125,64,1032,False
ibm_phoenix,dao2pqv8gn2s739nabkg,2026-09-21T01:50:01.332789+00:00,2026-09-20T18:58:51.820228+00:00,data/calibrations/ibm_phoenix_properties_2026-09-20T185845Z.json,85,20 21 22 23 25 26 28 29 30 31 32 33 34 35 36 37 38 39 40 41 42 43 44 45 46 47 48 50 51 52 53 54 56 57 58 60 64 65 66 68 69 70 71 74 75 76 78 79 80 81 82 83 84 85 86 87 88 89 90 91 92 93 94 95 96 97 98 99 100 101 102 103 104 105 106 108 109 111 112 113 115 116 117 118 119,75_85,8,1,0,16384,24292133,602dd4d7eeb50d01f3dbdc13ab652ca068e797ba19af4cb77a19424c10fa2442,grid,,,,default,default,-0.0125732421875,0.00634765625,0.007811882450517857,0.007812342604899404,0.007811882450517857,0.007812342604899404,-0.00946044921875,64,1032,False
ibm_phoenix,dao2pqv8gn2s739nabkg,2026-09-21T01:50:01.332818+00:00,2026-09-20T18:58:51.820228+00:00,data/calibrations/ibm_phoenix_properties_2026-09-20T185845Z.json,85,20 21 22 23 25 26 28 29 30 31 32 33 34 35 36 37 38 39 40 41 42 43 44 45 46 47 48 50 51 52 53 54 56 57 58 60 64 65 66 68 69 70 71 74 75 76 78 79 80 81 82 83 84 85 86 87 88 89 90 91 92 93 94 95 96 97 98 99 100 101 102 103 104 105 106 108 109 111 112 113 115 116 117 118 119,75_85,8,1,0,16384,24292134,c65d5f9efe85474a9116c5b39a4bd173d935b60fdc6f49dc10e2405c04f4a5f9,grid,,,,default,default,0.0037841796875,0.0030517578125,0.007812444062237604,0.007812463620127225,0.007812444062237604,0.007812463620127225,0.0003662109375,64,1032,False
ibm_phoenix,dao2pqv8gn2s739nabkg,2026-09-21T01:50:01.332848+00:00,2026-09-20T18:58:51.820228+00:00,data/calibrations/ibm_phoenix_properties_2026-09-20T185845Z.json,85,20 21 22 23 25 26 28 29 30 31 32 33 34 35 36 37 38 39 40 41 42 43 44 45 46 47 48 50 51 52 53 54 56 57 58 60 64 65 66 68 69 70 71 74 75 76 78 79 80 81 82 83 84 85 86 87 88 89 90 91 92 93 94 95 96 97 98 99 100 101 102 103 104 105 106 108 109 111 112 113 115 116 117 118 119,75_85,8,1,0,16384,24292135,41463be1b467a7f36bff9390e72e03bf2b81bec0da37507b102961923c50d8ec,grid,,,,default,default,0.008544921875,-0.0006103515625,0.007812214777254995,0.007812498544808342,0.007812214777254995,0.007812498544808342,0.00457763671875,64,1032,False
ibm_phoenix,dao2pqv8gn2s739nabkg,2026-09-21T01:50:01.332877+00:00,2026-09-20T18:58:51.820228+00:00,data/calibrations/ibm_phoenix_properties_2026-09-20T185845Z.json,85,20 21 22 23 25 26 28 29 30 31 32 33 34 35 36 37 38 39 40 41 42 43 44 45 46 47 48 50 51 52 53 54 56 57 58 60 64 65 66 68 69 70 71 74 75 76 78 79 80 81 82 83 84 85 86 87 88 89 90 91 92 93 94 95 96 97 98 99 100 101 102 103 104 105 106 108 109 111 112 113 115 116 117 118 119,75_85,8,1,0,16384,24292136,9370f5f660cf3f6a5a314f200d334f62af18c059323790aec981516a9001a39e,grid,,,,default,default,-0.0087890625,-0.0091552734375,0.0078121982456582605,0.007812172575046107,0.0078121982456582605,0.007812172575046107,0.00018310546875,64,1032,False
ibm_phoenix,dao2pqv8gn2s739nabkg,2026-09-21T01:50:01.332906+00:00,2026-09-20T18:58:51.820228+00:00,data/calibrations/ibm_phoenix_properties_2026-09-20T185845Z.json,85,20 21 22 23 25 26 28 29 30 31 32 33 34 35 36 37 38 39 40 41 42 43 44 45 46 47 48 50 51 52 53 54 56 57 58 60 64 65 66 68 69 70 71 74 75 76 78 79 80 81 82 83 84 85 86 87 88 89 90 91 92 93 94 95 96 97 98 99 100 101 102 103 104 105 106 108 109 111 112 113 115 116 117 118 119,75_85,8,1,0,16384,24292137,faa2a1a8d81e2027e7a6b6220ad7a5d07d98f270d1758acb72d87d5da41533f6,grid,,,,default,default,0.0166015625,0.0013427734375,0.00781142331691197,0.007812492956869855,0.00781142331691197,0.007812492956869855,0.00762939453125,64,1032,False
ibm_phoenix,dao2pqv8gn2s739nabkg,2026-09-21T01:50:01.332936+00:00,2026-09-20T18:58:51.820228+00:00,data/calibrations/ibm_phoenix_properties_2026-09-20T185845Z.json,85,20 21 22 23 25 26 28 29 30 31 32 33 34 35 36 37 38 39 40 41 42 43 44 45 46 47 48 50 51 52 53 54 56 57 58 60 64 65 66 68 69 70 71 74 75 76 78 79 80 81 82 83 84 85 86 87 88 89 90 91 92 93 94 95 96 97 98 99 100 101 102 103 104 105 106 108 109 111 112 113 115 116 117 118 119,75_85,8,1,0,16384,24292138,5db34b50e19d2b67aed49cd438a7e49f7d2975cd9ea372a88274b7312842a9db,grid,,,,default,default,-0.0159912109375,0.01806640625,0.007811501034463407,0.007811224915341535,0.007811501034463407,0.007811224915341535,-0.01702880859375,64,1032,False
ibm_phoenix,dao2pqv8gn2s739nabkg,2026-09-21T01:50:01.332966+00:00,2026-09-20T18:58:51.820228+00:00,data/calibrations/ibm_phoenix_properties_2026-09-20T185845Z.json,85,20 21 22 23 25 26 28 29 30 31 32 33 34 35 36 37 38 39 40 41 42 43 44 45 46 47 48 50 51 52 53 54 56 57 58 60 64 65 66 68 69 70 71 74 75 76 78 79 80 81 82 83 84 85 86 87 88 89 90 91 92 93 94 95 96 97 98 99 100 101 102 103 104 105 106 108 109 111 112 113 115 116 117 118 119,75_85,8,1,0,16384,24292139,caefbef51cb8d08b9925227193068e7976dad412a473494639b2f543b3f11a79,grid,,,,default,default,0.025634765625,-0.018310546875,0.0078099326203016515,0.007811190217835571,0.0078099326203016515,0.007811190217835571,0.02197265625,64,1032,False
ibm_phoenix,dao2pqv8gn2s739nabkg,2026-09-21T01:50:01.332995+00:00,2026-09-20T18:58:51.820228+00:00,data/calibrations/ibm_phoenix_properties_2026-09-20T185845Z.json,85,20 21 22 23 25 26 28 29 30 31 32 33 34 35 36 37 38 39 40 41 42 43 44 45 46 47 48 50 51 52 53 54 56 57 58 60 64 65 66 68 69 70 71 74 75 76 78 79 80 81 82 83 84 85 86 87 88 89 90 91 92 93 94 95 96 97 98 99 100 101 102 103 104 105 106 108 109 111 112 113 115 116 117 118 119,75_85,8,1,0,16384,24292140,4e92aeb94fdc3d8e1a2575c38062987d21068bdd9c3f91f4ab30225e4ea34922,grid,,,,default,default,0.0057373046875,-0.0235595703125,0.007812371418218913,0.0078103315218916065,0.007812371418218913,0.0078103315218916065,0.0146484375,64,1032,False
ibm_phoenix,dao2pqv8gn2s739nabkg,2026-09-21T01:50:01.333025+00:00,2026-09-20T18:58:51.820228+00:00,data/calibrations/ibm_phoenix_properties_2026-09-20T185845Z.json,85,20 21 22 23 25 26 28 29 30 31 32 33 34 35 36 37 38 39 40 41 42 43 44 45 46 47 48 50 51 52 53 54 56 57 58 60 64 65 66 68 69 70 71 74 75 76 78 79 80 81 82 83 84 85 86 87 88 89 90 91 92 93 94 95 96 97 98 99 100 101 102 103 104 105 106 108 109 111 112 113 115 116 117 118 119,75_85,8,1,0,16384,24292141,6251cfbc179c6167818825ea11dffbccc8174f2a043a9f758e8043328206f850,grid,,,,default,default,0.0042724609375,0.0020751953125,0.007812428695289982,0.0078124831779678855,0.007812428695289982,0.0078124831779678855,0.0010986328125,64,1032,False
ibm_phoenix,dao2pqv8gn2s739nabkg,2026-09-21T01:50:01.333055+00:00,2026-09-20T18:58:51.820228+00:00,data/calibrations/ibm_phoenix_properties_2026-09-20T185845Z.json,85,20 21 22 23 25 26 28 29 30 31 32 33 34 35 36 37 38 39 40 41 42 43 44 45 46 47 48 50 51 52 53 54 56 57 58 60 64 65 66 68 69 70 71 74 75 76 78 79 80 81 82 83 84 85 86 87 88 89 90 91 92 93 94 95 96 97 98 99 100 101 102 103 104 105 106 108 109 111 112 113 115 116 117 118 119,75_85,8,1,0,16384,24292142,5abc41b108a26b48aa8be60ee6434fe3c66b77b87d3b955dfe4a6ca23bd2aa82,grid,,,,default,default,0.006103515625,0.002197265625,0.0078123544794924385,0.007812481140695101,0.0078123544794924385,0.007812481140695101,0.001953125,64,1032,False
ibm_phoenix,dao2pqv8gn2s739nabkg,2026-09-21T01:50:01.333084+00:00,2026-09-20T18:58:51.820228+00:00,data/calibrations/ibm_phoenix_properties_2026-09-20T185845Z.json,85,20 21 22 23 25 26 28 29 30 31 32 33 34 35 36 37 38 39 40 41 42 43 44 45 46 47 48 50 51 52 53 54 56 57 58 60 64 65 66 68 69 70 71 74 75 76 78 79 80 81 82 83 84 85 86 87 88 89 90 91 92 93 94 95 96 97 98 99 100 101 102 103 104 105 106 108 109 111 112 113 115 116 117 118 119,75_85,8,1,0,16384,24292143,9d6ce07dab9c15c947648c9037f5b60eb42d4d0539420800480ae9a0aca0ca76,grid,,,,default,default,-0.010009765625,0.0029296875,0.007812108601883699,0.007812466472315371,0.007812108601883699,0.007812466472315371,-0.0064697265625,64,1032,False
ibm_phoenix,dao2pqv8gn2s739nabkg,2026-09-21T01:50:01.333114+00:00,2026-09-20T18:58:51.820228+00:00,data/calibrations/ibm_phoenix_properties_2026-09-20T185845Z.json,85,20 21 22 23 25 26 28 29 30 31 32 33 34 35 36 37 38 39 40 41 42 43 44 45 46 47 48 50 51 52 53 54 56 57 58 60 64 65 66 68 69 70 71 74 75 76 78 79 80 81 82 83 84 85 86 87 88 89 90 91 92 93 94 95 96 97 98 99 100 101 102 103 104 105 106 108 109 111 112 113 115 116 117 118 119,75_85,8,1,0,16384,24292144,9b7e11708cb77beaedd28aa8b7009a1505cf0632646c80c01a26ade7f234cc3f,grid,,,,default,default,-0.0091552734375,-0.008056640625,0.007812172575046107,0.007812246443314437,0.007812172575046107,0.007812246443314437,-0.00054931640625,64,1032,False
ibm_phoenix,dao2pqv8gn2s739nabkg,2026-09-21T01:50:01.333143+00:00,2026-09-20T18:58:51.820228+00:00,data/calibrations/ibm_phoenix_properties_2026-09-20T185845Z.json,85,20 21 22 23 25 26 28 29 30 31 32 33 34 35 36 37 38 39 40 41 42 43 44 45 46 47 48 50 51 52 53 54 56 57 58 60 64 65 66 68 69 70 71 74 75 76 78 79 80 81 82 83 84 85 86 87 88 89 90 91 92 93 94 95 96 97 98 99 100 101 102 103 104 105 106 108 109 111 112 113 115 116 117 118 119,75_85,8,1,0,16384,24292145,764edc02913c397a7660f700f9dfa65a54e2e870ec2e84003ccb8dafcb85e03d,grid,,,,default,default,-0.0015869140625,-0.003173828125,0.007812490162899113,0.007812460651522131,0.007812490162899113,0.007812460651522131,0.00079345703125,64,1032,False
ibm_phoenix,dao2pqv8gn2s739nabkg,2026-09-21T01:50:01.333172+00:00,2026-09-20T18:58:51.820228+00:00,data/calibrations/ibm_phoenix_properties_2026-09-20T185845Z.json,85,20 21 22 23 25 26 28 29 30 31 32 33 34 35 36 37 38 39 40 41 42 43 44 45 46 47 48 50 51 52 53 54 56 57 58 60 64 65 66 68 69 70 71 74 75 76 78 79 80 81 82 83 84 85 86 87 88 89 90 91 92 93 94 95 96 97 98 99 100 101 102 103 104 105 106 108 109 111 112 113 115 116 117 118 119,75_85,8,1,0,16384,24292146,d7ef16d9aeafe3a1163c6f3be2f0dc676e459f2e4fbf93878ab6459a7ee20095,grid,,,,default,default,-0.0213623046875,-0.0078125,0.007810717186965497,0.007812261577782809,0.007810717186965497,0.007812261577782809,-0.00677490234375,64,1032,False
ibm_phoenix,dao2pqv8gn2s739nabkg,2026-09-21T01:50:01.333201+00:00,2026-09-20T18:58:51.820228+00:00,data/calibrations/ibm_phoenix_properties_2026-09-20T185845Z.json,85,20 21 22 23 25 26 28 29 30 31 32 33 34 35 36 37 38 39 40 41 42 43 44 45 46 47 48 50 51 52 53 54 56 57 58 60 64 65 66 68 69 70 71 74 75 76 78 79 80 81 82 83 84 85 86 87 88 89 90 91 92 93 94 95 96 97 98 99 100 101 102 103 104 105 106 108 109 111 112 113 115 116 117 118 119,75_85,8,1,0,16384,24292147,08c089b98e6dcaf2feeb7b0ddd65e17e089a8272de0d6b3a69de277e42f39ed7,grid,,,,default,default,0.001708984375,0.0078125,0.007812488591290131,0.007812261577782809,0.007812488591290131,0.007812261577782809,-0.0030517578125,64,1032,False
ibm_phoenix,dao2pqv8gn2s739nabkg,2026-09-21T01:50:01.333229+00:00,2026-09-20T18:58:51.820228+00:00,data/calibrations/ibm_phoenix_properties_2026-09-20T185845Z.json,85,20 21 22 23 25 26 28 29 30 31 32 33 34 35 36 37 38 39 40 41 42 43 44 45 46 47 48 50 51 52 53 54 56 57 58 60 64 65 66 68 69 70 71 74 75 76 78 79 80 81 82 83 84 85 86 87 88 89 90 91 92 93 94 95 96 97 98 99 100 101 102 103 104 105 106 108 109 111 112 113 115 116 117 118 119,75_85,8,1,0,16384,24292148,84cc172ed6da6d10489634f0b5700864229edac1c8843b1d53e6e86654b5ac97,grid,,,,default,default,0.014404296875,-0.013427734375,0.007811689474484538,0.007811795655552477,0.007811689474484538,0.007811795655552477,0.013916015625,64,1032,False
ibm_phoenix,dao2pqv8gn2s739nabkg,2026-09-21T01:50:01.333258+00:00,2026-09-20T18:58:51.820228+00:00,data/calibrations/ibm_phoenix_properties_2026-09-20T185845Z.json,85,20 21 22 23 25 26 28 29 30 31 32 33 34 35 36 37 38 39 40 41 42 43 44 45 46 47 48 50 51 52 53 54 56 57 58 60 64 65 66 68 69 70 71 74 75 76 78 79 80 81 82 83 84 85 86 87 88 89 90 91 92 93 94 95 96 97 98 99 100 101 102 103 104 105 106 108 109 111 112 113 115 116 117 118 119,75_85,8,1,0,16384,24292149,e7af37bde8a6314b245e9ee87b7516fb0726e7db6f828d54063adf991b128b1f,grid,,,,default,default,-0.00927734375,-0.0074462890625,0.007812163785315984,0.00781228340629132,0.007812163785315984,0.00781228340629132,-0.00091552734375,64,1032,False
ibm_phoenix,dao2pqv8gn2s739nabkg,2026-09-21T01:50:01.333288+00:00,2026-09-20T18:58:51.820228+00:00,data/calibrations/ibm_phoenix_properties_2026-09-20T185845Z.json,85,20 21 22 23 25 26 28 29 30 31 32 33 34 35 36 37 38 39 40 41 42 43 44 45 46 47 48 50 51 52 53 54 56 57 58 60 64 65 66 68 69 70 71 74 75 76 78 79 80 81 82 83 84 85 86 87 88 89 90 91 92 93 94 95 96 97 98 99 100 101 102 103 104 105 106 108 109 111 112 113 115 116 117 118 119,75_85,8,1,0,16384,24292150,1958f0f4379a19f08f6a6af87bac5d707c6ab3b4c518d1387e20d7466888ae14,grid,,,,default,default,0.0150146484375,-0.01123046875,0.007811619326660566,0.007812007314822752,0.007811619326660566,0.007812007314822752,0.01312255859375,64,1032,False
ibm_phoenix,dao2pqv8gn2s739nabkg,2026-09-21T01:50:01.333317+00:00,2026-09-20T18:58:51.820228+00:00,data/calibrations/ibm_phoenix_properties_2026-09-20T185845Z.json,85,20 21 22 23 25 26 28 29 30 31 32 33 34 35 36 37 38 39 40 41 42 43 44 45 46 47 48 50 51 52 53 54 56 57 58 60 64 65 66 68 69 70 71 74 75 76 78 79 80 81 82 83 84 85 86 87 88 89 90 91 92 93 94 95 96 97 98 99 100 101 102 103 104 105 106 108 109 111 112 113 115 116 117 118 119,75_85,8,1,0,16384,24292151,787506136671bd5177f0c167a53f2a20b63117925a1609e3be5c27a11ce6ead7,grid,,,,default,default,0.0087890625,-0.0421142578125,0.0078121982456582605,0.007805568758464785,0.0078121982456582605,0.007805568758464785,0.02545166015625,64,1032,False
ibm_phoenix,dao2pqv8gn2s739nabkg,2026-09-21T01:50:01.333346+00:00,2026-09-20T18:58:51.820228+00:00,data/calibrations/ibm_phoenix_properties_2026-09-20T185845Z.json,85,20 21 22 23 25 26 28 29 30 31 32 33 34 35 36 37 38 39 40 41 42 43 44 45 46 47 48 50 51 52 53 54 56 57 58 60 64 65 66 68 69 70 71 74 75 76 78 79 80 81 82 83 84 85 86 87 88 89 90 91 92 93 94 95 96 97 98 99 100 101 102 103 104 105 106 108 109 111 112 113 115 116 117 118 119,75_85,8,1,0,16384,24292152,eb0f50a84d80ee9bdd081b3bafb4417bef871834a4783bdb324128dd84a18d2d,grid,,,,default,default,-0.0079345703125,-0.00830078125,0.007812254068761781,0.00781223084313943,0.007812254068761781,0.00781223084313943,0.00018310546875,64,1032,False
ibm_phoenix,dao2pqv8gn2s739nabkg,2026-09-21T01:50:01.333375+00:00,2026-09-20T18:58:51.820228+00:00,data/calibrations/ibm_phoenix_properties_2026-09-20T185845Z.json,85,20 21 22 23 25 26 28 29 30 31 32 33 34 35 36 37 38 39 40 41 42 43 44 45 46 47 48 50 51 52 53 54 56 57 58 60 64 65 66 68 69 70 71 74 75 76 78 79 80 81 82 83 84 85 86 87 88 89 90 91 92 93 94 95 96 97 98 99 100 101 102 103 104 105 106 108 109 111 112 113 115 116 117 118 119,75_85,8,1,0,16384,24292153,dfea24cbdc30304ec578b475c4299fab651668b9dae6d84a9c52e181556120f9,grid,,,,default,default,-0.00439453125,0.001953125,0.007812424562507244,0.007812485098824595,0.007812424562507244,0.007812485098824595,-0.003173828125,64,1032,False
ibm_phoenix,dao2pqv8gn2s739nabkg,2026-09-21T01:50:01.333405+00:00,2026-09-20T18:58:51.820228+00:00,data/calibrations/ibm_phoenix_properties_2026-09-20T185845Z.json,85,20 21 22 23 25 26 28 29 30 31 32 33 34 35 36 37 38 39 40 41 42 43 44 45 46 47 48 50 51 52 53 54 56 57 58 60 64 65 66 68 69 70 71 74 75 76 78 79 80 81 82 83 84 85 86 87 88 89 90 91 92 93 94 95 96 97 98 99 100 101 102 103 104 105 106 108 109 111 112 113 115 116 117 118 119,75_85,8,1,0,16384,24292154,34226ea15bc323927f051582495b8f59429ddd0750324cea78d4ffd6eb05525e,grid,,,,default,default,-0.010009765625,0.00439453125,0.007812108601883699,0.007812424562507244,0.007812108601883699,0.007812424562507244,-0.0072021484375,64,1032,False
ibm_phoenix,dao2pqv8gn2s739nabkg,2026-09-21T01:50:01.333434+00:00,2026-09-20T18:58:51.820228+00:00,data/calibrations/ibm_phoenix_properties_2026-09-20T185845Z.json,85,20 21 22 23 25 26 28 29 30 31 32 33 34 35 36 37 38 39 40 41 42 43 44 45 46 47 48 50 51 52 53 54 56 57 58 60 64 65 66 68 69 70 71 74 75 76 78 79 80 81 82 83 84 85 86 87 88 89 90 91 92 93 94 95 96 97 98 99 100 101 102 103 104 105 106 108 109 111 112 113 115 116 117 118 119,75_85,8,1,0,16384,24292155,9749c497100cc89113cd497b598bb6153a873a4b99b562f275bb08377ac66e3e,grid,,,,default,default,-0.027587890625,-0.0018310546875,0.007809526419611643,0.007812486903265317,0.007809526419611643,0.007812486903265317,-0.01287841796875,64,1032,False
ibm_phoenix,dao2pqv8gn2s739nabkg,2026-09-21T01:50:01.333462+00:00,2026-09-20T18:58:51.820228+00:00,data/calibrations/ibm_phoenix_properties_2026-09-20T185845Z.json,85,20 21 22 23 25 26 28 29 30 31 32 33 34 35 36 37 38 39 40 41 42 43 44 45 46 47 48 50 51 52 53 54 56 57 58 60 64 65 66 68 69 70 71 74 75 76 78 79 80 81 82 83 84 85 86 87 88 89 90 91 92 93 94 95 96 97 98 99 100 101 102 103 104 105 106 108 109 111 112 113 115 116 117 118 119,75_85,8,1,0,16384,24292156,5bd92d76642e49eaf8f9789d4d3660e9c48b907e1f354fbcb35b3cf4eb6fcdaa,grid,,,,default,default,-0.0274658203125,-0.01171875,0.007809552681218223,0.007811963539778489,0.007809552681218223,0.007811963539778489,-0.00787353515625,64,1032,False
ibm_phoenix,dao2pqv8gn2s739nabkg,2026-09-21T01:50:01.333514+00:00,2026-09-20T18:58:51.820228+00:00,data/calibrations/ibm_phoenix_properties_2026-09-20T185845Z.json,85,20 21 22 23 25 26 28 29 30 31 32 33 34 35 36 37 38 39 40 41 42 43 44 45 46 47 48 50 51 52 53 54 56 57 58 60 64 65 66 68 69 70 71 74 75 76 78 79 80 81 82 83 84 85 86 87 88 89 90 91 92 93 94 95 96 97 98 99 100 101 102 103 104 105 106 108 109 111 112 113 115 116 117 118 119,75_85,8,1,0,16384,24292157,19bb082c9e0b8b84cc8ef0f19a8119eae0458af1dac6fa16fccf5daa1b5996d3,grid,,,,default,default,0.015625,-0.009521484375,0.0078115462674688265,0.007812145856564278,0.0078115462674688265,0.007812145856564278,0.0125732421875,64,1032,False
ibm_phoenix,dao2pqv8gn2s739nabkg,2026-09-21T01:50:01.333546+00:00,2026-09-20T18:58:51.820228+00:00,data/calibrations/ibm_phoenix_properties_2026-09-20T185845Z.json,85,20 21 22 23 25 26 28 29 30 31 32 33 34 35 36 37 38 39 40 41 42 43 44 45 46 47 48 50 51 52 53 54 56 57 58 60 64 65 66 68 69 70 71 74 75 76 78 79 80 81 82 83 84 85 86 87 88 89 90 91 92 93 94 95 96 97 98 99 100 101 102 103 104 105 106 108 109 111 112 113 115 116 117 118 119,75_85,8,1,0,16384,24292158,01ae35803d0889ed040a2fc5bd13fe3e6b3fd259246891ed04ae71b038fb3292,grid,,,,default,default,-0.0189208984375,0.009765625,0.007811101435763711,0.007812127462087946,0.007811101435763711,0.007812127462087946,-0.01434326171875,64,1032,False
ibm_phoenix,dao2pqv8gn2s739nabkg,2026-09-21T01:50:01.333577+00:00,2026-09-20T18:58:51.820228+00:00,data/calibrations/ibm_phoenix_properties_2026-09-20T185845Z.json,85,20 21 22 23 25 26 28 29 30 31 32 33 34 35 36 37 38 39 40 41 42 43 44 45 46 47 48 50 51 52 53 54 56 57 58 60 64 65 66 68 69 70 71 74 75 76 78 79 80 81 82 83 84 85 86 87 88 89 90 91 92 93 94 95 96 97 98 99 100 101 102 103 104 105 106 108 109 111 112 113 115 116 117 118 119,75_85,8,1,0,16384,24292159,cb8e820b709a91a8b9774f5b1f86b9b049d56555fc842a203ec2e93eb12bf4e6,grid,,,,default,default,0.005859375,-0.0052490234375,0.007812365888398156,0.0078123923732936265,0.007812365888398156,0.0078123923732936265,0.00555419921875,64,1032,False
ibm_phoenix,dao2pqv8gn2s739nabkg,2026-09-21T01:50:01.333607+00:00,2026-09-20T18:58:51.820228+00:00,data/calibrations/ibm_phoenix_properties_2026-09-20T185845Z.json,85,20 21 22 23 25 26 28 29 30 31 32 33 34 35 36 37 38 39 40 41 42 43 44 45 46 47 48 50 51 52 53 54 56 57 58 60 64 65 66 68 69 70 71 74 75 76 78 79 80 81 82 83 84 85 86 87 88 89 90 91 92 93 94 95 96 97 98 99 100 101 102 103 104 105 106 108 109 111 112 113 115 116 117 118 119,75_85,8,1,0,16384,24292160,b34e466914e4110cbe5a7f0b44080c171fa7800a3badefc3d106cfd3fa277e5e,grid,,,,default,default,0.0023193359375,-0.00439453125,0.007812478987006152,0.007812424562507244,0.007812478987006152,0.007812424562507244,0.00335693359375,64,1032,False
ibm_phoenix,dao2pqv8gn2s739nabkg,2026-09-21T01:50:01.333638+00:00,2026-09-20T18:58:51.820228+00:00,data/calibrations/ibm_phoenix_properties_2026-09-20T185845Z.json,85,20 21 22 23 25 26 28 29 30 31 32 33 34 35 36 37 38 39 40 41 42 43 44 45 46 47 48 50 51 52 53 54 56 57 58 60 64 65 66 68 69 70 71 74 75 76 78 79 80 81 82 83 84 85 86 87 88 89 90 91 92 93 94 95 96 97 98 99 100 101 102 103 104 105 106 108 109 111 112 113 115 116 117 118 119,75_85,8,1,0,16384,24292161,7b651afc8692faef27c768a68e3c168cfabad52fa8442516a73bb4a04f0da70d,grid,,,,default,default,-0.0185546875,-0.0235595703125,0.007811155054434026,0.0078103315218916065,0.007811155054434026,0.0078103315218916065,0.00250244140625,64,1032,False
ibm_phoenix,dao2pqv8gn2s739nabkg,2026-09-21T01:50:01.333667+00:00,2026-09-20T18:58:51.820228+00:00,data/calibrations/ibm_phoenix_properties_2026-09-20T185845Z.json,85,20 21 22 23 25 26 28 29 30 31 32 33 34 35 36 37 38 39 40 41 42 43 44 45 46 47 48 50 51 52 53 54 56 57 58 60 64 65 66 68 69 70 71 74 75 76 78 79 80 81 82 83 84 85 86 87 88 89 90 91 92 93 94 95 96 97 98 99 100 101 102 103 104 105 106 108 109 111 112 113 115 116 117 118 119,75_85,8,1,0,16384,24292162,2858d1990696d2bd5cde0c7a2f00022c80f2ff4b1a7784c516cedd568502bf66,grid,,,,default,default,-0.0013427734375,0.0107421875,0.007812492956869855,0.007812049226869316,0.007812492956869855,0.007812049226869316,-0.00604248046875,64,1032,False
ibm_phoenix,dao2pqv8gn2s739nabkg,2026-09-21T01:50:01.333696+00:00,2026-09-20T18:58:51.820228+00:00,data/calibrations/ibm_phoenix_properties_2026-09-20T185845Z.json,85,20 21 22 23 25 26 28 29 30 31 32 33 34 35 36 37 38 39 40 41 42 43 44 45 46 47 48 50 51 52 53 54 56 57 58 60 64 65 66 68 69 70 71 74 75 76 78 79 80 81 82 83 84 85 86 87 88 89 90 91 92 93 94 95 96 97 98 99 100 101 102 103 104 105 106 108 109 111 112 113 115 116 117 118 119,75_85,8,1,0,16384,24292163,8004820f090d552568f01097341c4aab3377b4b850d9681ff284864e0a10fe4c,grid,,,,default,default,0.0155029296875,0.0047607421875,0.00781156111222047,0.007812411465646097,0.00781156111222047,0.007812411465646097,0.00537109375,64,1032,False
ibm_phoenix,dao2pqv8gn2s739nabkg,2026-09-21T01:50:01.333726+00:00,2026-09-20T18:58:51.820228+00:00,data/calibrations/ibm_phoenix_properties_2026-09-20T185845Z.json,85,20 21 22 23 25 26 28 29 30 31 32 33 34 35 36 37 38 39 40 41 42 43 44 45 46 47 48 50 51 52 53 54 56 57 58 60 64 65 66 68 69 70 71 74 75 76 78 79 80 81 82 83 84 85 86 87 88 89 90 91 92 93 94 95 96 97 98 99 100 101 102 103 104 105 106 108 109 111 112 113 115 116 117 118 119,75_85,8,1,0,16384,24292164,7355199013eb7c16cab4d6dade1152c73cfee3e8dccd1ab1c5739c31fca56f96,grid,,,,default,default,-0.0284423828125,0.01904296875,0.007809339324945193,0.007811083329918946,0.007809339324945193,0.007811083329918946,-0.02374267578125,64,1032,False
ibm_phoenix,dao2pqv8gn2s739nabkg,2026-09-21T01:50:01.333756+00:00,2026-09-20T18:58:51.820228+00:00,data/calibrations/ibm_phoenix_properties_2026-09-20T185845Z.json,85,20 21 22 23 25 26 28 29 30 31 32 33 34 35 36 37 38 39 40 41 42 43 44 45 46 47 48 50 51 52 53 54 56 57 58 60 64 65 66 68 69 70 71 74 75 76 78 79 80 81 82 83 84 85 86 87 88 89 90 91 92 93 94 95 96 97 98 99 100 101 102 103 104 105 106 108 109 111 112 113 115 116 117 118 119,75_85,8,1,0,16384,24292165,2c2459cdae85c17f7e8effb980d8be4be117547c20fe05421d5d0f94965ec85f,grid,,,,default,default,-0.0050048828125,0.0208740234375,0.007812402152309258,0.00781079776434043,0.007812402152309258,0.00781079776434043,-0.012939453125,64,1032,False
ibm_phoenix,dao2pqv8gn2s739nabkg,2026-09-21T01:50:01.333785+00:00,2026-09-20T18:58:51.820228+00:00,data/calibrations/ibm_phoenix_properties_2026-09-20T185845Z.json,85,20 21 22 23 25 26 28 29 30 31 32 33 34 35 36 37 38 39 40 41 42 43 44 45 46 47 48 50 51 52 53 54 56 57 58 60 64 65 66 68 69 70 71 74 75 76 78 79 80 81 82 83 84 85 86 87 88 89 90 91 92 93 94 95 96 97 98 99 100 101 102 103 104 105 106 108 109 111 112 113 115 116 117 118 119,75_85,8,1,0,16384,24292166,48c4dfe7f50c96e1ff63c511e39e727cb4705533d8c2b00c5feb82437835d884,grid,,,,default,default,-0.0030517578125,-0.0091552734375,0.007812463620127225,0.007812172575046107,0.007812463620127225,0.007812172575046107,0.0030517578125,64,1032,False
ibm_phoenix,dao2pqv8gn2s739nabkg,2026-09-21T01:50:01.333814+00:00,2026-09-20T18:58:51.820228+00:00,data/calibrations/ibm_phoenix_properties_2026-09-20T185845Z.json,85,20 21 22 23 25 26 28 29 30 31 32 33 34 35 36 37 38 39 40 41 42 43 44 45 46 47 48 50 51 52 53 54 56 57 58 60 64 65 66 68 69 70 71 74 75 76 78 79 80 81 82 83 84 85 86 87 88 89 90 91 92 93 94 95 96 97 98 99 100 101 102 103 104 105 106 108 109 111 112 113 115 116 117 118 119,75_85,8,1,0,16384,24292167,9079062125faedda3eab642778739ebd2ca871a4ca07c8586a3f487da7ac56da,grid,,,,default,default,-0.0048828125,-0.0018310546875,0.00781240686718742,0.007812486903265317,0.00781240686718742,0.007812486903265317,-0.00152587890625,64,1032,False
ibm_phoenix,dao2pqv8gn2s739nabkg,2026-09-21T01:50:01.333842+00:00,2026-09-20T18:58:51.820228+00:00,data/calibrations/ibm_phoenix_properties_2026-09-20T185845Z.json,85,20 21 22 23 25 26 28 29 30 31 32 33 34 35 36 37 38 39 40 41 42 43 44 45 46 47 48 50 51 52 53 54 56 57 58 60 64 65 66 68 69 70 71 74 75 76 78 79 80 81 82 83 84 85 86 87 88 89 90 91 92 93 94 95 96 97 98 99 100 101 102 103 104 105 106 108 109 111 112 113 115 116 117 118 119,75_85,8,1,0,16384,24292168,34f1ce385962041061b3e2ba7fca4fc84ce712343c38798a309ac05b1092dd49,grid,,,,default,default,-0.021728515625,0.010986328125,0.007810655530739339,0.007812028503718841,0.007810655530739339,0.007812028503718841,-0.016357421875,64,1032,False
ibm_phoenix,dao2pqv8gn2s739nabkg,2026-09-21T01:50:01.333872+00:00,2026-09-20T18:58:51.820228+00:00,data/calibrations/ibm_phoenix_properties_2026-09-20T185845Z.json,85,20 21 22 23 25 26 28 29 30 31 32 33 34 35 36 37 38 39 40 41 42 43 44 45 46 47 48 50 51 52 53 54 56 57 58 60 64 65 66 68 69 70 71 74 75 76 78 79 80 81 82 83 84 85 86 87 88 89 90 91 92 93 94 95 96 97 98 99 100 101 102 103 104 105 106 108 109 111 112 113 115 116 117 118 119,75_85,8,1,0,16384,24292169,6caa064f931bc3abfaebd2792af049324cf993f56e85c6725c3111497768ad97,grid,,,,default,default,-0.0042724609375,-0.0157470703125,0.007812428695289982,0.007811531306259215,0.007812428695289982,0.007811531306259215,0.0057373046875,64,1032,False
ibm_phoenix,dao2pqv8gn2s739nabkg,2026-09-21T01:50:01.333903+00:00,2026-09-20T18:58:51.820228+00:00,data/calibrations/ibm_phoenix_properties_2026-09-20T185845Z.json,85,20 21 22 23 25 26 28 29 30 31 32 33 34 35 36 37 38 39 40 41 42 43 44 45 46 47 48 50 51 52 53 54 56 57 58 60 64 65 66 68 69 70 71 74 75 76 78 79 80 81 82 83 84 85 86 87 88 89 90 91 92 93 94 95 96 97 98 99 100 101 102 103 104 105 106 108 109 111 112 113 115 116 117 118 119,75_85,8,1,0,16384,24292170,19a10db947ad118e502de4c6f37e62b9707eb7205cd8340c0173a035df482a22,grid,,,,default,default,0.00537109375,-0.0078125,0.007812387309155721,0.007812261577782809,0.007812387309155721,0.007812261577782809,0.006591796875,64,1032,False
ibm_phoenix,dao2pqv8gn2s739nabkg,2026-09-21T01:50:01.333932+00:00,2026-09-20T18:58:51.820228+00:00,data/calibrations/ibm_phoenix_properties_2026-09-20T185845Z.json,85,20 21 22 23 25 26 28 29 30 31 32 33 34 35 36 37 38 39 40 41 42 43 44 45 46 47 48 50 51 52 53 54 56 57 58 60 64 65 66 68 69 70 71 74 75 76 78 79 80 81 82 83 84 85 86 87 88 89 90 91 92 93 94 95 96 97 98 99 100 101 102 103 104 105 106 108 109 111 112 113 115 116 117 118 119,75_85,8,1,0,16384,24292171,38174b6f6bd0ab8c5f98de8fc9d3837e8892908a035e1f3193ecb1b9c7b4d267,grid,,,,default,default,0.0174560546875,0.009033203125,0.0078113096208538195,0.00781218124834627,0.0078113096208538195,0.00781218124834627,0.00421142578125,64,1032,False
ibm_phoenix,dao2pqv8gn2s739nabkg,2026-09-21T01:50:01.333961+00:00,2026-09-20T18:58:51.820228+00:00,data/calibrations/ibm_phoenix_properties_2026-09-20T185845Z.json,85,20 21 22 23 25 26 28 29 30 31 32 33 34 35 36 37 38 39 40 41 42 43 44 45 46 47 48 50 51 52 53 54 56 57 58 60 64 65 66 68 69 70 71 74 75 76 78 79 80 81 82 83 84 85 86 87 88 89 90 91 92 93 94 95 96 97 98 99 100 101 102 103 104 105 106 108 109 111 112 113 115 116 117 118 119,75_85,8,1,0,16384,24292172,8c69920cf47ebe1e6b16caf944098e86c3bc9e6453cfa744ff206bfd661e6b27,grid,,,,default,default,-0.0072021484375,-0.022705078125,0.007812297376504758,0.007810485988163442,0.007812297376504758,0.007810485988163442,0.00775146484375,64,1032,False
ibm_phoenix,dao2pqv8gn2s739nabkg,2026-09-21T01:50:01.333991+00:00,2026-09-20T18:58:51.820228+00:00,data/calibrations/ibm_phoenix_properties_2026-09-20T185845Z.json,85,20 21 22 23 25 26 28 29 30 31 32 33 34 35 36 37 38 39 40 41 42 43 44 45 46 47 48 50 51 52 53 54 56 57 58 60 64 65 66 68 69 70 71 74 75 76 78 79 80 81 82 83 84 85 86 87 88 89 90 91 92 93 94 95 96 97 98 99 100 101 102 103 104 105 106 108 109 111 112 113 115 116 117 118 119,75_85,8,1,0,16384,24292173,8edde185bd279f9f268b84c6167acb828679dcb472758ca2317cd96695cd3f97,grid,,,,default,default,0.021484375,-0.0064697265625,0.007810696751386389,0.0078123364929694825,0.007810696751386389,0.0078123364929694825,0.01397705078125,64,1032,False
ibm_phoenix,dao2pqv8gn2s739nabkg,2026-09-21T01:50:01.334020+00:00,2026-09-20T18:58:51.820228+00:00,data/calibrations/ibm_phoenix_properties_2026-09-20T185845Z.json,85,20 21 22 23 25 26 28 29 30 31 32 33 34 35 36 37 38 39 40 41 42 43 44 45 46 47 48 50 51 52 53 54 56 57 58 60 64 65 66 68 69 70 71 74 75 76 78 79 80 81 82 83 84 85 86 87 88 89 90 91 92 93 94 95 96 97 98 99 100 101 102 103 104 105 106 108 109 111 112 113 115 116 117 118 119,75_85,8,1,0,16384,24292174,253b366d9c4dded92dfcc18f83a894fd47c8fe3f61e7fbe214848186cb04a944,grid,,,,default,default,0.061767578125,-0.0789794921875,0.007797582501297236,0.007788095632591163,0.007797582501297236,0.007788095632591163,0.07037353515625,64,1032,False
ibm_phoenix,dao2pqv8gn2s739nabkg,2026-09-21T01:50:01.334049+00:00,2026-09-20T18:58:51.820228+00:00,data/calibrations/ibm_phoenix_properties_2026-09-20T185845Z.json,85,20 21 22 23 25 26 28 29 30 31 32 33 34 35 36 37 38 39 40 41 42 43 44 45 46 47 48 50 51 52 53 54 56 57 58 60 64 65 66 68 69 70 71 74 75 76 78 79 80 81 82 83 84 85 86 87 88 89 90 91 92 93 94 95 96 97 98 99 100 101 102 103 104 105 106 108 109 111 112 113 115 116 117 118 119,75_85,8,1,0,16384,24292175,98d7d01001c17873829ffb9871b45fba5b82cfe3a4e4170514e4e43fdd59acec,grid,,,,default,default,0.0364990234375,0.006591796875,0.007807294442645723,0.00781233026461693,0.007807294442645723,0.00781233026461693,0.01495361328125,64,1032,False
ibm_phoenix,dao2pqv8gn2s739nabkg,2026-09-21T01:50:01.334079+00:00,2026-09-20T18:58:51.820228+00:00,data/calibrations/ibm_phoenix_properties_2026-09-20T185845Z.json,85,20 21 22 23 25 26 28 29 30 31 32 33 34 35 36 37 38 39 40 41 42 43 44 45 46 47 48 50 51 52 53 54 56 57 58 60 64 65 66 68 69 70 71 74 75 76 78 79 80 81 82 83 84 85 86 87 88 89 90 91 92 93 94 95 96 97 98 99 100 101 102 103 104 105 106 108 109 111 112 113 115 116 117 118 119,75_85,8,1,0,16384,24292176,b608bd0612aa960a26107c99669801b7b88c61a057416703dc190adeb3df9325,grid,,,,default,default,-0.0079345703125,-0.0048828125,0.007812254068761781,0.00781240686718742,0.007812254068761781,0.00781240686718742,-0.00152587890625,64,1032,False
ibm_phoenix,dao2pqv8gn2s739nabkg,2026-09-21T01:50:01.334109+00:00,2026-09-20T18:58:51.820228+00:00,data/calibrations/ibm_phoenix_properties_2026-09-20T185845Z.json,85,20 21 22 23 25 26 28 29 30 31 32 33 34 35 36 37 38 39 40 41 42 43 44 45 46 47 48 50 51 52 53 54 56 57 58 60 64 65 66 68 69 70 71 74 75 76 78 79 80 81 82 83 84 85 86 87 88 89 90 91 92 93 94 95 96 97 98 99 100 101 102 103 104 105 106 108 109 111 112 113 115 116 117 118 119,75_85,8,1,0,16384,24292177,607d0d850baf88cdb21a2964e5770444ba625e2c3d49e435756561d3e97ef87b,grid,,,,default,default,-0.0062255859375,0.001220703125,0.0078123486004069665,0.00781249417923174,0.0078123486004069665,0.00781249417923174,-0.00372314453125,64,1032,False
ibm_phoenix,dao2pqv8gn2s739nabkg,2026-09-21T01:50:01.334137+00:00,2026-09-20T18:58:51.820228+00:00,data/calibrations/ibm_phoenix_properties_2026-09-20T185845Z.json,85,20 21 22 23 25 26 28 29 30 31 32 33 34 35 36 37 38 39 40 41 42 43 44 45 46 47 48 50 51 52 53 54 56 57 58 60 64 65 66 68 69 70 71 74 75 76 78 79 80 81 82 83 84 85 86 87 88 89 90 91 92 93 94 95 96 97 98 99 100 101 102 103 104 105 106 108 109 111 112 113 115 116 117 118 119,75_85,8,1,0,16384,24292178,180a8529d8ec438f581b0a92bcbbfa81ae202edba4eab8fbc1e47f96849f886c,grid,,,,default,default,0.0216064453125,-0.0115966796875,0.007810676199311309,0.007811974658197279,0.007810676199311309,0.007811974658197279,0.0166015625,64,1032,False
ibm_phoenix,dao2pqv8gn2s739nabkg,2026-09-21T01:50:01.334166+00:00,2026-09-20T18:58:51.820228+00:00,data/calibrations/ibm_phoenix_properties_2026-09-20T185845Z.json,85,20 21 22 23 25 26 28 29 30 31 32 33 34 35 36 37 38 39 40 41 42 43 44 45 46 47 48 50 51 52 53 54 56 57 58 60 64 65 66 68 69 70 71 74 75 76 78 79 80 81 82 83 84 85 86 87 88 89 90 91 92 93 94 95 96 97 98 99 100 101 102 103 104 105 106 108 109 111 112 113 115 116 117 118 119,75_85,8,1,0,16384,24292179,821ebf0bbaa9b879cd0fd213acb7dd5746aebd2bab439394a06c4a055ae5841a,grid,,,,default,default,0.004150390625,-0.0064697265625,0.00781243271165421,0.0078123364929694825,0.00781243271165421,0.0078123364929694825,0.00531005859375,64,1032,False
ibm_phoenix,dao2pqv8gn2s739nabkg,2026-09-21T01:50:01.334195+00:00,2026-09-20T18:58:51.820228+00:00,data/calibrations/ibm_phoenix_properties_2026-09-20T185845Z.json,85,20 21 22 23 25 26 28 29 30 31 32 33 34 35 36 37 38 39 40 41 42 43 44 45 46 47 48 50 51 52 53 54 56 57 58 60 64 65 66 68 69 70 71 74 75 76 78 79 80 81 82 83 84 85 86 87 88 89 90 91 92 93 94 95 96 97 98 99 100 101 102 103 104 105 106 108 109 111 112 113 115 116 117 118 119,75_85,8,1,0,16384,24292180,93229d86b9d3cafa8cc31d62e64f90ce28c27fb6535ec78b65d99a9ef597f504,grid,,,,default,default,0.0150146484375,-0.022705078125,0.007811619326660566,0.007810485988163442,0.007811619326660566,0.007810485988163442,0.01885986328125,64,1032,False
ibm_phoenix,dao2pqv8gn2s739nabkg,2026-09-21T01:50:01.334224+00:00,2026-09-20T18:58:51.820228+00:00,data/calibrations/ibm_phoenix_properties_2026-09-20T185845Z.json,85,20 21 22 23 25 26 28 29 30 31 32 33 34 35 36 37 38 39 40 41 42 43 44 45 46 47 48 50 51 52 53 54 56 57 58 60 64 65 66 68 69 70 71 74 75 76 78 79 80 81 82 83 84 85 86 87 88 89 90 91 92 93 94 95 96 97 98 99 100 101 102 103 104 105 106 108 109 111 112 113 115 116 117 118 119,75_85,8,1,0,16384,24292181,a478fe6e7de25e50af63e1e441706d60a2e2a8cb84778176ab7f46ab2a750842,grid,,,,default,default,0.015869140625,0.0172119140625,0.007811516228590967,0.007811342687773597,0.007811516228590967,0.007811342687773597,-0.00067138671875,64,1032,False
ibm_phoenix,dao2pqv8gn2s739nabkg,2026-09-21T01:50:01.334253+00:00,2026-09-20T18:58:51.820228+00:00,data/calibrations/ibm_phoenix_properties_2026-09-20T185845Z.json,85,20 21 22 23 25 26 28 29 30 31 32 33 34 35 36 37 38 39 40 41 42 43 44 45 46 47 48 50 51 52 53 54 56 57 58 60 64 65 66 68 69 70 71 74 75 76 78 79 80 81 82 83 84 85 86 87 88 89 90 91 92 93 94 95 96 97 98 99 100 101 102 103 104 105 106 108 109 111 112 113 115 116 117 118 119,75_85,8,1,0,16384,24292182,9bd159b7576116f188949d6d06718542407f566fcb7430fa751310a7628ba9f9,grid,,,,default,default,0.0040283203125,-0.0091552734375,0.007812436611600107,0.007812172575046107,0.007812436611600107,0.007812172575046107,0.006591796875,64,1032,False
ibm_phoenix,dao2pqv8gn2s739nabkg,2026-09-21T01:50:01.334282+00:00,2026-09-20T18:58:51.820228+00:00,data/calibrations/ibm_phoenix_properties_2026-09-20T185845Z.json,85,20 21 22 23 25 26 28 29 30 31 32 33 34 35 36 37 38 39 40 41 42 43 44 45 46 47 48 50 51 52 53 54 56 57 58 60 64 65 66 68 69 70 71 74 75 76 78 79 80 81 82 83 84 85 86 87 88 89 90 91 92 93 94 95 96 97 98 99 100 101 102 103 104 105 106 108 109 111 112 113 115 116 117 118 119,75_85,8,1,0,16384,24292183,f2fb472a5547ddcaa035a2aff641907b50fe4b8d6c0e3e26e230a87276017d30,grid,,,,default,default,-0.00390625,0.00341796875,0.007812440395127849,0.007812454365060561,0.007812440395127849,0.007812454365060561,-0.003662109375,64,1032,False
ibm_phoenix,dao2pqv8gn2s739nabkg,2026-09-21T01:50:01.334311+00:00,2026-09-20T18:58:51.820228+00:00,data/calibrations/ibm_phoenix_properties_2026-09-20T185845Z.json,85,20 21 22 23 25 26 28 29 30 31 32 33 34 35 36 37 38 39 40 41 42 43 44 45 46 47 48 50 51 52 53 54 56 57 58 60 64 65 66 68 69 70 71 74 75 76 78 79 80 81 82 83 84 85 86 87 88 89 90 91 92 93 94 95 96 97 98 99 100 101 102 103 104 105 106 108 109 111 112 113 115 116 117 118 119,75_85,8,1,0,16384,24292184,16833d72e72db75f498dcbcbef34a4c357d3268361adacf39f8599ae3bc822e5,grid,,,,default,default,-0.009033203125,0.009033203125,0.00781218124834627,0.00781218124834627,0.00781218124834627,0.00781218124834627,-0.009033203125,64,1032,False
ibm_phoenix,dao2pqv8gn2s739nabkg,2026-09-21T01:50:01.334340+00:00,2026-09-20T18:58:51.820228+00:00,data/calibrations/ibm_phoenix_properties_2026-09-20T185845Z.json,85,20 21 22 23 25 26 28 29 30 31 32 33 34 35 36 37 38 39 40 41 42 43 44 45 46 47 48 50 51 52 53 54 56 57 58 60 64 65 66 68 69 70 71 74 75 76 78 79 80 81 82 83 84 85 86 87 88 89 90 91 92 93 94 95 96 97 98 99 100 101 102 103 104 105 106 108 109 111 112 113 115 116 117 118 119,75_85,8,1,0,16384,24292185,c416456c709457055b34c799be1643315f831d78df0f40ff47091998da269389,grid,,,,default,default,-0.013427734375,-0.0133056640625,0.007811795655552477,0.007811808404169181,0.007811795655552477,0.007811808404169181,-6.103515625e-05,64,1032,False
ibm_phoenix,dao2pqv8gn2s739nabkg,2026-09-21T01:50:01.334369+00:00,2026-09-20T18:58:51.820228+00:00,data/calibrations/ibm_phoenix_properties_2026-09-20T185845Z.json,85,20 21 22 23 25 26 28 29 30 31 32 33 34 35 36 37 38 39 40 41 42 43 44 45 46 47 48 50 51 52 53 54 56 57 58 60 64 65 66 68 69 70 71 74 75 76 78 79 80 81 82 83 84 85 86 87 88 89 90 91 92 93 94 95 96 97 98 99 100 101 102 103 104 105 106 108 109 111 112 113 115 116 117 118 119,75_85,8,1,0,16384,24292186,e170e23aebe0fbea98639aaa18d81733f302282d5bf88c580876b41e02913c3a,grid,,,,default,default,0.005126953125,-0.0042724609375,0.0078123973210113985,0.007812428695289982,0.0078123973210113985,0.007812428695289982,0.00469970703125,64,1032,False
ibm_phoenix,dao2pqv8gn2s739nabkg,2026-09-21T01:50:01.334399+00:00,2026-09-20T18:58:51.820228+00:00,data/calibrations/ibm_phoenix_properties_2026-09-20T185845Z.json,85,20 21 22 23 25 26 28 29 30 31 32 33 34 35 36 37 38 39 40 41 42 43 44 45 46 47 48 50 51 52 53 54 56 57 58 60 64 65 66 68 69 70 71 74 75 76 78 79 80 81 82 83 84 85 86 87 88 89 90 91 92 93 94 95 96 97 98 99 100 101 102 103 104 105 106 108 109 111 112 113 115 116 117 118 119,75_85,8,1,0,16384,24292187,2d74ee210910ef1d38bb9c8d73b74e0a09cd956743bf52e913310b069ee79976,grid,,,,default,default,-0.0142822265625,-0.0009765625,0.007811703154692159,0.007812496274708813,0.007811703154692159,0.007812496274708813,-0.00665283203125,64,1032,False
ibm_phoenix,dao2pqv8gn2s739nabkg,2026-09-21T01:50:01.334427+00:00,2026-09-20T18:58:51.820228+00:00,data/calibrations/ibm_phoenix_properties_2026-09-20T185845Z.json,85,20 21 22 23 25 26 28 29 30 31 32 33 34 35 36 37 38 39 40 41 42 43 44 45 46 47 48 50 51 52 53 54 56 57 58 60 64 65 66 68 69 70 71 74 75 76 78 79 80 81 82 83 84 85 86 87 88 89 90 91 92 93 94 95 96 97 98 99 100 101 102 103 104 105 106 108 109 111 112 113 115 116 117 118 119,75_85,8,1,0,16384,24292188,6fea1aca682f9586e7b9a6d8e30bf458ebe91d7098e9623c99d9110e1d833463,grid,,,,default,default,-0.0025634765625,-0.02099609375,0.007812474330379366,0.007810777794736114,0.007812474330379366,0.007810777794736114,0.00921630859375,64,1032,False
ibm_phoenix,dao2pqv8gn2s739nabkg,2026-09-21T01:50:01.334456+00:00,2026-09-20T18:58:51.820228+00:00,data/calibrations/ibm_phoenix_properties_2026-09-20T185845Z.json,85,20 21 22 23 25 26 28 29 30 31 32 33 34 35 36 37 38 39 40 41 42 43 44 45 46 47 48 50 51 52 53 54 56 57 58 60 64 65 66 68 69 70 71 74 75 76 78 79 80 81 82 83 84 85 86 87 88 89 90 91 92 93 94 95 96 97 98 99 100 101 102 103 104 105 106 108 109 111 112 113 115 116 117 118 119,75_85,8,1,0,16384,24292189,16e7f84a08bad32f10ce218b5763207119df372fa1e3fb82082e909677f2c211,grid,,,,default,default,0.005859375,-0.0106201171875,0.007812365888398156,0.007812059413791109,0.007812365888398156,0.007812059413791109,0.00823974609375,64,1032,False
ibm_phoenix,dao2pqv8gn2s739nabkg,2026-09-21T01:50:01.334502+00:00,2026-09-20T18:58:51.820228+00:00,data/calibrations/ibm_phoenix_properties_2026-09-20T185845Z.json,85,20 21 22 23 25 26 28 29 30 31 32 33 34 35 36 37 38 39 40 41 42 43 44 45 46 47 48 50 51 52 53 54 56 57 58 60 64 65 66 68 69 70 71 74 75 76 78 79 80 81 82 83 84 85 86 87 88 89 90 91 92 93 94 95 96 97 98 99 100 101 102 103 104 105 106 108 109 111 112 113 115 116 117 118 119,75_85,8,1,0,16384,24292190,ffba33ffdc323cb4f34c5024e7c96419b0a3b625eb2db1930e7fa08695d887ec,grid,,,,default,default,-0.0126953125,-0.004150390625,0.007811870400570252,0.00781243271165421,0.007811870400570252,0.00781243271165421,-0.0042724609375,64,1032,False
ibm_phoenix,dao2pqv8gn2s739nabkg,2026-09-21T01:50:01.334535+00:00,2026-09-20T18:58:51.820228+00:00,data/calibrations/ibm_phoenix_properties_2026-09-20T185845Z.json,85,20 21 22 23 25 26 28 29 30 31 32 33 34 35 36 37 38 39 40 41 42 43 44 45 46 47 48 50 51 52 53 54 56 57 58 60 64 65 66 68 69 70 71 74 75 76 78 79 80 81 82 83 84 85 86 87 88 89 90 91 92 93 94 95 96 97 98 99 100 101 102 103 104 105 106 108 109 111 112 113 115 116 117 118 119,75_85,8,1,0,16384,24292191,7bdf2847a349b2e7ee238e85f38212c9b545f4efa9868dd3c52f211f37c7ecc6,grid,,,,default,default,-0.0238037109375,0.0223388671875,0.007810286340075189,0.007810550440393579,0.007810286340075189,0.007810550440393579,-0.0230712890625,64,1032,False
ibm_phoenix,dao2pqv8gn2s739nabkg,2026-09-21T01:50:01.334565+00:00,2026-09-20T18:58:51.820228+00:00,data/calibrations/ibm_phoenix_properties_2026-09-20T185845Z.json,85,20 21 22 23 25 26 28 29 30 31 32 33 34 35 36 37 38 39 40 41 42 43 44 45 46 47 48 50 51 52 53 54 56 57 58 60 64 65 66 68 69 70 71 74 75 76 78 79 80 81 82 83 84 85 86 87 88 89 90 91 92 93 94 95 96 97 98 99 100 101 102 103 104 105 106 108 109 111 112 113 115 116 117 118 119,75_85,8,1,0,16384,24292192,a06fc9fb38fbf323cad405234fddd3490204a6b7671058c2861750b2ad8c693f,grid,,,,default,default,-0.020263671875,0.0006103515625,0.007810895865007928,0.007812498544808342,0.007810895865007928,0.007812498544808342,-0.01043701171875,64,1032,False
ibm_phoenix,dao2pqv8gn2s739nabkg,2026-09-21T01:50:01.334595+00:00,2026-09-20T18:58:51.820228+00:00,data/calibrations/ibm_phoenix_properties_2026-09-20T185845Z.json,85,20 21 22 23 25 26 28 29 30 31 32 33 34 35 36 37 38 39 40 41 42 43 44 45 46 47 48 50 51 52 53 54 56 57 58 60 64 65 66 68 69 70 71 74 75 76 78 79 80 81 82 83 84 85 86 87 88 89 90 91 92 93 94 95 96 97 98 99 100 101 102 103 104 105 106 108 109 111 112 113 115 116 117 118 119,75_85,8,1,0,16384,24292193,36532f8ad987573836683a735a80ee75b4b8915bbcfcf9c7ef0465896126f942,grid,,,,default,default,-0.0137939453125,0.0283203125,0.007811756711019171,0.007809366402415229,0.007811756711019171,0.007809366402415229,-0.02105712890625,64,1032,False
ibm_phoenix,dao2pqv8gn2s739nabkg,2026-09-21T01:50:01.334624+00:00,2026-09-20T18:58:51.820228+00:00,data/calibrations/ibm_phoenix_properties_2026-09-20T185845Z.json,85,20 21 22 23 25 26 28 29 30 31 32 33 34 35 36 37 38 39 40 41 42 43 44 45 46 47 48 50 51 52 53 54 56 57 58 60 64 65 66 68 69 70 71 74 75 76 78 79 80 81 82 83 84 85 86 87 88 89 90 91 92 93 94 95 96 97 98 99 100 101 102 103 104 105 106 108 109 111 112 113 115 116 117 118 119,75_85,8,1,0,16384,24292194,c093b88dcfca5417044a0be01ccd76b1cccde7f8702bd0dbec94039af4079529,grid,,,,default,default,-0.009521484375,-0.00341796875,0.007812145856564278,0.007812454365060561,0.007812145856564278,0.007812454365060561,-0.0030517578125,64,1032,False
ibm_phoenix,dao2pqv8gn2s739nabkg,2026-09-21T01:50:01.334653+00:00,2026-09-20T18:58:51.820228+00:00,data/calibrations/ibm_phoenix_properties_2026-09-20T185845Z.json,85,20 21 22 23 25 26 28 29 30 31 32 33 34 35 36 37 38 39 40 41 42 43 44 45 46 47 48 50 51 52 53 54 56 57 58 60 64 65 66 68 69 70 71 74 75 76 78 79 80 81 82 83 84 85 86 87 88 89 90 91 92 93 94 95 96 97 98 99 100 101 102 103 104 105 106 108 109 111 112 113 115 116 117 118 119,75_85,8,1,0,16384,24292195,9a05c489a287fdb3b48b1e4ed9c62b62ae00a6082684303dd1ee8deff81a5437,grid,,,,default,default,0.0267333984375,-0.021728515625,0.007809707803407773,0.007810655530739339,0.007809707803407773,0.007810655530739339,0.02423095703125,64,1032,False
ibm_phoenix,dao2pqv8gn2s739nabkg,2026-09-21T01:50:01.334682+00:00,2026-09-20T18:58:51.820228+00:00,data/calibrations/ibm_phoenix_properties_2026-09-20T185845Z.json,85,20 21 22 23 25 26 28 29 30 31 32 33 34 35 36 37 38 39 40 41 42 43 44 45 46 47 48 50 51 52 53 54 56 57 58 60 64 65 66 68 69 70 71 74 75 76 78 79 80 81 82 83 84 85 86 87 88 89 90 91 92 93 94 95 96 97 98 99 100 101 102 103 104 105 106 108 109 111 112 113 115 116 117 118 119,75_85,8,1,0,16384,24292196,ebce3633101fde9ccf8a651d98a3872d727fb247b1f9f85579b5dd532f4f4ea7,grid,,,,default,default,0.005859375,-0.00146484375,0.007812365888398156,0.007812491618092332,0.007812365888398156,0.007812491618092332,0.003662109375,64,1032,False
ibm_phoenix,dao2pqv8gn2s739nabkg,2026-09-21T01:50:01.334710+00:00,2026-09-20T18:58:51.820228+00:00,data/calibrations/ibm_phoenix_properties_2026-09-20T185845Z.json,85,20 21 22 23 25 26 28 29 30 31 32 33 34 35 36 37 38 39 40 41 42 43 44 45 46 47 48 50 51 52 53 54 56 57 58 60 64 65 66 68 69 70 71 74 75 76 78 79 80 81 82 83 84 85 86 87 88 89 90 91 92 93 94 95 96 97 98 99 100 101 102 103 104 105 106 108 109 111 112 113 115 116 117 118 119,75_85,8,1,0,16384,24292197,f0bea77e55b07ef640e95997bb174d07f4d30b28c92d310fe6fe114c52f7370b,grid,,,,default,default,-0.0147705078125,-0.001953125,0.007811647735149822,0.007812485098824595,0.007811647735149822,0.007812485098824595,-0.00640869140625,64,1032,False
ibm_phoenix,dao2pqv8gn2s739nabkg,2026-09-21T01:50:01.334739+00:00,2026-09-20T18:58:51.820228+00:00,data/calibrations/ibm_phoenix_properties_2026-09-20T185845Z.json,85,20 21 22 23 25 26 28 29 30 31 32 33 34 35 36 37 38 39 40 41 42 43 44 45 46 47 48 50 51 52 53 54 56 57 58 60 64 65 66 68 69 70 71 74 75 76 78 79 80 81 82 83 84 85 86 87 88 89 90 91 92 93 94 95 96 97 98 99 100 101 102 103 104 105 106 108 109 111 112 113 115 116 117 118 119,75_85,8,1,0,16384,24292198,8a0ca583b86035a8b8f1dde1bfbb56f68a7f37e82f932e29bdc3bd614b7caf3c,grid,,,,default,default,-0.0091552734375,0.005859375,0.007812172575046107,0.007812365888398156,0.007812172575046107,0.007812365888398156,-0.00750732421875,64,1032,False
ibm_phoenix,dao2pqv8gn2s739nabkg,2026-09-21T01:50:01.334767+00:00,2026-09-20T18:58:51.820228+00:00,data/calibrations/ibm_phoenix_properties_2026-09-20T185845Z.json,85,20 21 22 23 25 26 28 29 30 31 32 33 34 35 36 37 38 39 40 41 42 43 44 45 46 47 48 50 51 52 53 54 56 57 58 60 64 65 66 68 69 70 71 74 75 76 78 79 80 81 82 83 84 85 86 87 88 89 90 91 92 93 94 95 96 97 98 99 100 101 102 103 104 105 106 108 109 111 112 113 115 116 117 118 119,75_85,8,1,0,16384,24292199,f9b6813228c711409a6cc2f83e82881c83fa3d7edd56d3f6577dc3a3521962d9,grid,,,,default,default,-0.002685546875,0.00732421875,0.007812471827441322,0.007812290449610384,0.007812471827441322,0.007812290449610384,-0.0050048828125,64,1032,False
ibm_phoenix,dao2pqv8gn2s739nabkg,2026-09-21T01:50:01.334795+00:00,2026-09-20T18:58:51.820228+00:00,data/calibrations/ibm_phoenix_properties_2026-09-20T185845Z.json,85,20 21 22 23 25 26 28 29 30 31 32 33 34 35 36 37 38 39 40 41 42 43 44 45 46 47 48 50 51 52 53 54 56 57 58 60 64 65 66 68 69 70 71 74 75 76 78 79 80 81 82 83 84 85 86 87 88 89 90 91 92 93 94 95 96 97 98 99 100 101 102 103 104 105 106 108 109 111 112 113 115 116 117 118 119,75_85,8,1,0,16384,24292200,cb4fd5e6187b3b8b8a9a4708fd1dd491d6d141263f179ca118ef2686b335423e,grid,,,,default,default,-0.0072021484375,-0.0152587890625,0.007812297376504758,0.007811590452352504,0.007812297376504758,0.007811590452352504,0.0040283203125,64,1032,False
ibm_phoenix,dao2psf8gn2s739nabmg,2026-09-21T01:50:05.937348+00:00,2026-09-20T18:58:57.540757+00:00,data/calibrations/ibm_phoenix_properties_2026-09-20T185845Z.json,85,20 21 22 23 25 26 28 29 30 31 32 33 34 35 36 37 38 39 40 41 42 43 44 45 46 47 48 50 51 52 53 54 56 57 58 60 64 65 66 68 69 70 71 74 75 76 78 79 80 81 82 83 84 85 86 87 88 89 90 91 92 93 94 95 96 97 98 99 100 101 102 103 104 105 106 108 109 111 112 113 115 116 117 118 119,75_85,8,1,1,16384,24292001,12f5d267b33627f223bfb867095b9008231ca0bd50a0e7379f8068f779cc75ae,grid,,,,default,default,0.0007531065645788879,-0.012551776076314799,0.007067970823903853,0.00639711889259271,0.008033134595895977,0.008032555294129688,0.006652441320446843,64,1032,False
ibm_phoenix,dao2psf8gn2s739nabmg,2026-09-21T01:50:05.937418+00:00,2026-09-20T18:58:57.540757+00:00,data/calibrations/ibm_phoenix_properties_2026-09-20T185845Z.json,85,20 21 22 23 25 26 28 29 30 31 32 33 34 35 36 37 38 39 40 41 42 43 44 45 46 47 48 50 51 52 53 54 56 57 58 60 64 65 66 68 69 70 71 74 75 76 78 79 80 81 82 83 84 85 86 87 88 89 90 91 92 93 94 95 96 97 98 99 100 101 102 103 104 105 106 108 109 111 112 113 115 116 117 118 119,75_85,8,1,1,16384,24292002,a20c2cd526551430f1f89cebeecf8036c10f4b4e417457e85e8e01534881c358,grid,,,,default,default,0.0055227814735785115,-0.008660725492657211,0.009710811482569904,0.0075438440944868455,0.008033024134109917,0.008032859892067128,0.007091753483117861,64,1032,False
ibm_phoenix,dao2psf8gn2s739nabmg,2026-09-21T01:50:05.937458+00:00,2026-09-20T18:58:57.540757+00:00,data/calibrations/ibm_phoenix_properties_2026-09-20T185845Z.json,85,20 21 22 23 25 26 28 29 30 31 32 33 34 35 36 37 38 39 40 41 42 43 44 45 46 47 48 50 51 52 53 54 56 57 58 60 64 65 66 68 69 70 71 74 75 76 78 79 80 81 82 83 84 85 86 87 88 89 90 91 92 93 94 95 96 97 98 99 100 101 102 103 104 105 106 108 109 111 112 113 115 116 117 118 119,75_85,8,1,1,16384,24292003,e8d2599f4f8e216fe026303fb8b8c8189dc017d311ef2d5c283c4fb4314950a1,grid,,,,default,default,0.02786494288941885,-0.03966361240115476,0.007698610293768824,0.008612086810149881,0.00803027093566645,0.008027329224675596,0.033764277645286805,64,1032,False
ibm_phoenix,dao2psf8gn2s739nabmg,2026-09-21T01:50:05.937521+00:00,2026-09-20T18:58:57.540757+00:00,data/calibrations/ibm_phoenix_properties_2026-09-20T185845Z.json,85,20 21 22 23 25 26 28 29 30 31 32 33 34 35 36 37 38 39 40 41 42 43 44 45 46 47 48 50 51 52 53 54 56 57 58 60 64 65 66 68 69 70 71 74 75 76 78 79 80 81 82 83 84 85 86 87 88 89 90 91 92 93 94 95 96 97 98 99 100 101 102 103 104 105 106 108 109 111 112 113 115 116 117 118 119,75_85,8,1,1,16384,24292004,cde9db88a56f0ade078e9d88c87a75c7048a24346c62883198925c5b31672a6d,grid,,,,default,default,0.03727877494665495,-0.01744696874607757,0.007383840797359534,0.008671862603032208,0.008028006811869173,0.008032013338224016,0.02736287184636626,64,1032,False
ibm_phoenix,dao2psf8gn2s739nabmg,2026-09-21T01:50:05.937560+00:00,2026-09-20T18:58:57.540757+00:00,data/calibrations/ibm_phoenix_properties_2026-09-20T185845Z.json,85,20 21 22 23 25 26 28 29 30 31 32 33 34 35 36 37 38 39 40 41 42 43 44 45 46 47 48 50 51 52 53 54 56 57 58 60 64 65 66 68 69 70 71 74 75 76 78 79 80 81 82 83 84 85 86 87 88 89 90 91 92 93 94 95 96 97 98 99 100 101 102 103 104 105 106 108 109 111 112 113 115 116 117 118 119,75_85,8,1,1,16384,24292005,4b19488842d549f75d8289b2798654f4289e0a5b70a4112d105bbd73403323af,grid,,,,default,default,-0.008911761014183507,0.020459395004393123,0.00886965513574114,0.00696229402155681,0.008032843613026872,0.008031591888595258,-0.014685578009288314,64,1032,False
ibm_phoenix,dao2psf8gn2s739nabmg,2026-09-21T01:50:05.937595+00:00,2026-09-20T18:58:57.540757+00:00,data/calibrations/ibm_phoenix_properties_2026-09-20T185845Z.json,85,20 21 22 23 25 26 28 29 30 31 32 33 34 35 36 37 38 39 40 41 42 43 44 45 46 47 48 50 51 52 53 54 56 57 58 60 64 65 66 68 69 70 71 74 75 76 78 79 80 81 82 83 84 85 86 87 88 89 90 91 92 93 94 95 96 97 98 99 100 101 102 103 104 105 106 108 109 111 112 113 115 116 117 118 119,75_85,8,1,1,16384,24292006,a99fdbf4664c9f5fac25a68509c09ee85ad51f0b81dcf01976ac8472fce6a202,grid,,,,default,default,-0.000502071043052592,0.009664867578762395,0.008419519599596359,0.006567505120625555,0.00803313575864354,0.00803279198499527,-0.0050834693109074935,64,1032,False
ibm_phoenix,dao2psf8gn2s739nabmg,2026-09-21T01:50:05.937629+00:00,2026-09-20T18:58:57.540757+00:00,data/calibrations/ibm_phoenix_properties_2026-09-20T185845Z.json,85,20 21 22 23 25 26 28 29 30 31 32 33 34 35 36 37 38 39 40 41 42 43 44 45 46 47 48 50 51 52 53 54 56 57 58 60 64 65 66 68 69 70 71 74 75 76 78 79 80 81 82 83 84 85 86 87 88 89 90 91 92 93 94 95 96 97 98 99 100 101 102 103 104 105 106 108 109 111 112 113 115 116 117 118 119,75_85,8,1,1,16384,24292007,f56e8822eeb77adec4cf1bf1dd1f7e6e0380e2fbcd381e20db4eee9bb6b5d69e,grid,,,,default,default,0.0046441571482364755,-0.009790385339525544,0.006872852350333085,0.007335958128040949,0.008033057098391397,0.008032782973311595,0.00721727124388101,64,1032,False
ibm_phoenix,dao2psf8gn2s739nabmg,2026-09-21T01:50:05.937661+00:00,2026-09-20T18:58:57.540757+00:00,data/calibrations/ibm_phoenix_properties_2026-09-20T185845Z.json,85,20 21 22 23 25 26 28 29 30 31 32 33 34 35 36 37 38 39 40 41 42 43 44 45 46 47 48 50 51 52 53 54 56 57 58 60 64 65 66 68 69 70 71 74 75 76 78 79 80 81 82 83 84 85 86 87 88 89 90 91 92 93 94 95 96 97 98 99 100 101 102 103 104 105 106 108 109 111 112 113 115 116 117 118 119,75_85,8,1,1,16384,24292008,20e3053cc736c7250f403222f4a62737fa688f71d2b8665b2bc34962af56b28a,grid,,,,default,default,0.009037278774946655,-0.01681937994226183,0.007850640834295798,0.007955198821061582,0.00803283529907573,0.008032092706437073,0.012928329358604242,64,1032,False
ibm_phoenix,dao2psf8gn2s739nabmg,2026-09-21T01:50:05.937694+00:00,2026-09-20T18:58:57.540757+00:00,data/calibrations/ibm_phoenix_properties_2026-09-20T185845Z.json,85,20 21 22 23 25 26 28 29 30 31 32 33 34 35 36 37 38 39 40 41 42 43 44 45 46 47 48 50 51 52 53 54 56 57 58 60 64 65 66 68 69 70 71 74 75 76 78 79 80 81 82 83 84 85 86 87 88 89 90 91 92 93 94 95 96 97 98 99 100 101 102 103 104 105 106 108 109 111 112 113 115 116 117 118 119,75_85,8,1,1,16384,24292009,a942e85fabb71305e6551cf38086c558366407227c37b93efa232ca42a1ee596,grid,,,,default,default,0.0028869084975524035,-0.006150370277394251,0.009244508490367115,0.010597128588284354,0.008033105934115313,0.008032997099809864,0.004518639387473327,64,1032,False
ibm_phoenix,dao2psf8gn2s739nabmg,2026-09-21T01:50:05.937728+00:00,2026-09-20T18:58:57.540757+00:00,data/calibrations/ibm_phoenix_properties_2026-09-20T185845Z.json,85,20 21 22 23 25 26 28 29 30 31 32 33 34 35 36 37 38 39 40 41 42 43 44 45 46 47 48 50 51 52 53 54 56 57 58 60 64 65 66 68 69 70 71 74 75 76 78 79 80 81 82 83 84 85 86 87 88 89 90 91 92 93 94 95 96 97 98 99 100 101 102 103 104 105 106 108 109 111 112 113 115 116 117 118 119,75_85,8,1,1,16384,24292010,6dd812a00b253f4f6d1d685118e3140c46bc482dedfe0455e78d58c4a52edf61,grid,,,,default,default,0.013806953683946278,-0.008535207731894062,0.008303069750086258,0.006572036218711677,0.008032433195893711,0.008032867857156947,0.01117108070792017,64,1032,False
ibm_phoenix,dao2psf8gn2s739nabmg,2026-09-21T01:50:05.937760+00:00,2026-09-20T18:58:57.540757+00:00,data/calibrations/ibm_phoenix_properties_2026-09-20T185845Z.json,85,20 21 22 23 25 26 28 29 30 31 32 33 34 35 36 37 38 39 40 41 42 43 44 45 46 47 48 50 51 52 53 54 56 57 58 60 64 65 66 68 69 70 71 74 75 76 78 79 80 81 82 83 84 85 86 87 88 89 90 91 92 93 94 95 96 97 98 99 100 101 102 103 104 105 106 108 109 111 112 113 115 116 117 118 119,75_85,8,1,1,16384,24292011,6be3af30d103c14a6114bf8c31edce5481c9d655fdd49c5da34f9a5f356ca8c5,grid,,,,default,default,0.009790385339525544,-0.012802811597841095,0.008058480358781575,0.006556898355991337,0.008032782973311595,0.008032531804898947,0.01129659846868332,64,1032,False
ibm_phoenix,dao2psf8gn2s739nabmg,2026-09-21T01:50:05.937792+00:00,2026-09-20T18:58:57.540757+00:00,data/calibrations/ibm_phoenix_properties_2026-09-20T185845Z.json,85,20 21 22 23 25 26 28 29 30 31 32 33 34 35 36 37 38 39 40 41 42 43 44 45 46 47 48 50 51 52 53 54 56 57 58 60 64 65 66 68 69 70 71 74 75 76 78 79 80 81 82 83 84 85 86 87 88 89 90 91 92 93 94 95 96 97 98 99 100 101 102 103 104 105 106 108 109 111 112 113 115 116 117 118 119,75_85,8,1,1,16384,24292012,f2eadf1e43a65c5a0878bb049e2080958514d70acb5dc98b6576b5a0215d3689,grid,,,,default,default,0.008158654449604619,-0.000125517760763148,0.005912640837000187,0.00799279986710358,0.008032891054709307,0.008033136630704103,0.004142086105183883,64,1032,False
ibm_phoenix,dao2psf8gn2s739nabmg,2026-09-21T01:50:05.937825+00:00,2026-09-20T18:58:57.540757+00:00,data/calibrations/ibm_phoenix_properties_2026-09-20T185845Z.json,85,20 21 22 23 25 26 28 29 30 31 32 33 34 35 36 37 38 39 40 41 42 43 44 45 46 47 48 50 51 52 53 54 56 57 58 60 64 65 66 68 69 70 71 74 75 76 78 79 80 81 82 83 84 85 86 87 88 89 90 91 92 93 94 95 96 97 98 99 100 101 102 103 104 105 106 108 109 111 112 113 115 116 117 118 119,75_85,8,1,1,16384,24292013,24a1f7c82cd3614e3e02252e0c2b60dfb0c39059af45d70b9acd37a902b47450,grid,,,,default,default,-0.0342663486883394,0.01681937994226183,0.008854207392467926,0.007869579618483953,0.008028802599818629,0.008032092706437073,-0.025542864315300617,64,1032,False
ibm_phoenix,dao2psf8gn2s739nabmg,2026-09-21T01:50:05.937857+00:00,2026-09-20T18:58:57.540757+00:00,data/calibrations/ibm_phoenix_properties_2026-09-20T185845Z.json,85,20 21 22 23 25 26 28 29 30 31 32 33 34 35 36 37 38 39 40 41 42 43 44 45 46 47 48 50 51 52 53 54 56 57 58 60 64 65 66 68 69 70 71 74 75 76 78 79 80 81 82 83 84 85 86 87 88 89 90 91 92 93 94 95 96 97 98 99 100 101 102 103 104 105 106 108 109 111 112 113 115 116 117 118 119,75_85,8,1,1,16384,24292014,d83ca338bc8cea2fe91e68721f69561c28514bafdbe5c1c630c549fff95fec3d,grid,,,,default,default,-0.0008786243253420359,-0.00564829923434166,0.008453105249539591,0.008577302161178737,0.00803313384010997,0.008033018959810066,0.002384837454499812,64,1032,False
ibm_phoenix,dao2psf8gn2s739nabmg,2026-09-21T01:50:05.937889+00:00,2026-09-20T18:58:57.540757+00:00,data/calibrations/ibm_phoenix_properties_2026-09-20T185845Z.json,85,20 21 22 23 25 26 28 29 30 31 32 33 34 35 36 37 38 39 40 41 42 43 44 45 46 47 48 50 51 52 53 54 56 57 58 60 64 65 66 68 69 70 71 74 75 76 78 79 80 81 82 83 84 85 86 87 88 89 90 91 92 93 94 95 96 97 98 99 100 101 102 103 104 105 106 108 109 111 112 113 115 116 117 118 119,75_85,8,1,1,16384,24292015,2bfb3bc73ee5d3e6b2a8e1731e3a18d22e8847dbd475a69f7b2fca88c1948593,grid,,,,default,default,-0.003263461779841848,0.022091125894314046,0.0069170151283292295,0.006613314088700077,0.008033097387885059,0.00803133562384955,-0.012677293837077948,64,1032,False
ibm_phoenix,dao2psf8gn2s739nabmg,2026-09-21T01:50:05.937921+00:00,2026-09-20T18:58:57.540757+00:00,data/calibrations/ibm_phoenix_properties_2026-09-20T185845Z.json,85,20 21 22 23 25 26 28 29 30 31 32 33 34 35 36 37 38 39 40 41 42 43 44 45 46 47 48 50 51 52 53 54 56 57 58 60 64 65 66 68 69 70 71 74 75 76 78 79 80 81 82 83 84 85 86 87 88 89 90 91 92 93 94 95 96 97 98 99 100 101 102 103 104 105 106 108 109 111 112 113 115 116 117 118 119,75_85,8,1,1,16384,24292016,c111af3989bc331551b74c828becd8eaf567c19ce96cedf0f81c732c24a07368,grid,,,,default,default,0.02259319693736664,-0.01179866951173591,0.0059479483620376765,0.007932375358330355,0.00803125281724616,0.00803262297063817,0.017195933224551273,64,1032,False
ibm_phoenix,dao2psf8gn2s739nabmg,2026-09-21T01:50:05.937951+00:00,2026-09-20T18:58:57.540757+00:00,data/calibrations/ibm_phoenix_properties_2026-09-20T185845Z.json,85,20 21 22 23 25 26 28 29 30 31 32 33 34 35 36 37 38 39 40 41 42 43 44 45 46 47 48 50 51 52 53 54 56 57 58 60 64 65 66 68 69 70 71 74 75 76 78 79 80 81 82 83 84 85 86 87 88 89 90 91 92 93 94 95 96 97 98 99 100 101 102 103 104 105 106 108 109 111 112 113 115 116 117 118 119,75_85,8,1,1,16384,24292017,4534b1c98d2e19af20d27918261d2e24a637f65f9bee1894dbe5a8b14af6acf2,grid,,,,default,default,0.016317308899209237,0.007656583406552027,0.008724978305859674,0.009966398902760873,0.00803215410724187,0.008032920356784956,0.004330362746328606,64,1032,False
ibm_phoenix,dao2psf8gn2s739nabmg,2026-09-21T01:50:05.937984+00:00,2026-09-20T18:58:57.540757+00:00,data/calibrations/ibm_phoenix_properties_2026-09-20T185845Z.json,85,20 21 22 23 25 26 28 29 30 31 32 33 34 35 36 37 38 39 40 41 42 43 44 45 46 47 48 50 51 52 53 54 56 57 58 60 64 65 66 68 69 70 71 74 75 76 78 79 80 81 82 83 84 85 86 87 88 89 90 91 92 93 94 95 96 97 98 99 100 101 102 103 104 105 106 108 109 111 112 113 115 116 117 118 119,75_85,8,1,1,16384,24292018,60cd925497d24c5010f0f33d9e1d2216b5f4ac57cd44ac879c4cd20ed75af870,grid,,,,default,default,-0.025103552152629598,0.007782101167315175,0.006451747116184128,0.00984965126460433,0.008030810857452114,0.00803291320569302,-0.016442826659972386,64,1032,False
ibm_phoenix,dao2psf8gn2s739nabmg,2026-09-21T01:50:05.938015+00:00,2026-09-20T18:58:57.540757+00:00,data/calibrations/ibm_phoenix_properties_2026-09-20T185845Z.json,85,20 21 22 23 25 26 28 29 30 31 32 33 34 35 36 37 38 39 40 41 42 43 44 45 46 47 48 50 51 52 53 54 56 57 58 60 64 65 66 68 69 70 71 74 75 76 78 79 80 81 82 83 84 85 86 87 88 89 90 91 92 93 94 95 96 97 98 99 100 101 102 103 104 105 106 108 109 111 112 113 115 116 117 118 119,75_85,8,1,1,16384,24292019,7b685c599ddb3ac1032b4e2a03cc59550cc5122c7e307a693b5325fbe90d67c3,grid,,,,default,default,0.012928329358604242,0.015438684573867201,0.006217232227679373,0.007924779501729852,0.008032519885832326,0.008032257080454597,-0.0012551776076314795,64,1032,False
ibm_phoenix,dao2psf8gn2s739nabmg,2026-09-21T01:50:05.938046+00:00,2026-09-20T18:58:57.540757+00:00,data/calibrations/ibm_phoenix_properties_2026-09-20T185845Z.json,85,20 21 22 23 25 26 28 29 30 31 32 33 34 35 36 37 38 39 40 41 42 43 44 45 46 47 48 50 51 52 53 54 56 57 58 60 64 65 66 68 69 70 71 74 75 76 78 79 80 81 82 83 84 85 86 87 88 89 90 91 92 93 94 95 96 97 98 99 100 101 102 103 104 105 106 108 109 111 112 113 115 116 117 118 119,75_85,8,1,1,16384,24292020,bd8f86dece121569ed6496015b2a029de452ab04749d308dce9025996faf7b0a,grid,,,,default,default,0.0008786243253420359,-0.008911761014183507,0.006576781930539663,0.00650453038633498,0.00803313384010997,0.008032843613026872,0.004895192669762772,64,1032,False
ibm_phoenix,dao2psf8gn2s739nabmg,2026-09-21T01:50:05.938077+00:00,2026-09-20T18:58:57.540757+00:00,data/calibrations/ibm_phoenix_properties_2026-09-20T185845Z.json,85,20 21 22 23 25 26 28 29 30 31 32 33 34 35 36 37 38 39 40 41 42 43 44 45 46 47 48 50 51 52 53 54 56 57 58 60 64 65 66 68 69 70 71 74 75 76 78 79 80 81 82 83 84 85 86 87 88 89 90 91 92 93 94 95 96 97 98 99 100 101 102 103 104 105 106 108 109 111 112 113 115 116 117 118 119,75_85,8,1,1,16384,24292021,fec0f2ac22e8f06081b548a9d28d0d20d78c47839950f72ce45a1c589b74bb6e,grid,,,,default,default,0.0,0.020710430525919418,0.007284357037051291,0.009127710197057385,0.008033136688841471,0.00803155374305624,-0.010355215262959709,64,1032,False
ibm_phoenix,dao2psf8gn2s739nabmg,2026-09-21T01:50:05.938107+00:00,2026-09-20T18:58:57.540757+00:00,data/calibrations/ibm_phoenix_properties_2026-09-20T185845Z.json,85,20 21 22 23 25 26 28 29 30 31 32 33 34 35 36 37 38 39 40 41 42 43 44 45 46 47 48 50 51 52 53 54 56 57 58 60 64 65 66 68 69 70 71 74 75 76 78 79 80 81 82 83 84 85 86 87 88 89 90 91 92 93 94 95 96 97 98 99 100 101 102 103 104 105 106 108 109 111 112 113 115 116 117 118 119,75_85,8,1,1,16384,24292022,663971fce819d95abc95226635f372d6f44440196fff13363f982694b0056816,grid,,,,default,default,0.002008284172210368,0.000125517760763148,0.008346695574115175,0.007244200503179543,0.008033121805661663,0.008033136630704103,0.00094138320572361,64,1032,False
ibm_phoenix,dao2psf8gn2s739nabmg,2026-09-21T01:50:05.938138+00:00,2026-09-20T18:58:57.540757+00:00,data/calibrations/ibm_phoenix_properties_2026-09-20T185845Z.json,85,20 21 22 23 25 26 28 29 30 31 32 33 34 35 36 37 38 39 40 41 42 43 44 45 46 47 48 50 51 52 53 54 56 57 58 60 64 65 66 68 69 70 71 74 75 76 78 79 80 81 82 83 84 85 86 87 88 89 90 91 92 93 94 95 96 97 98 99 100 101 102 103 104 105 106 108 109 111 112 113 115 116 117 118 119,75_85,8,1,1,16384,24292023,0348881b8ff90d85b0bdd81e71982f2417f7f598d96c95992bb70708fd8ce242,grid,,,,default,default,0.000125517760763148,0.00991590310028869,0.007506936736375729,0.005927282596555745,0.008033136630704103,0.008032773845337824,-0.004895192669762772,64,1032,False
ibm_phoenix,dao2psf8gn2s739nabmg,2026-09-21T01:50:05.938168+00:00,2026-09-20T18:58:57.540757+00:00,data/calibrations/ibm_phoenix_properties_2026-09-20T185845Z.json,85,20 21 22 23 25 26 28 29 30 31 32 33 34 35 36 37 38 39 40 41 42 43 44 45 46 47 48 50 51 52 53 54 56 57 58 60 64 65 66 68 69 70 71 74 75 76 78 79 80 81 82 83 84 85 86 87 88 89 90 91 92 93 94 95 96 97 98 99 100 101 102 103 104 105 106 108 109 111 112 113 115 116 117 118 119,75_85,8,1,1,16384,24292024,fd575871d4ed20cd779bcb5598383eff5ad9f110a84ccb4b0292ac1ae15c3eb0,grid,,,,default,default,0.010166938621814987,0.012928329358604242,0.00967706950971883,0.007856135785217532,0.008032755240518405,0.008032519885832326,-0.0013806953683946277,64,1032,False
ibm_phoenix,dao2psf8gn2s739nabmg,2026-09-21T01:50:05.938199+00:00,2026-09-20T18:58:57.540757+00:00,data/calibrations/ibm_phoenix_properties_2026-09-20T185845Z.json,85,20 21 22 23 25 26 28 29 30 31 32 33 34 35 36 37 38 39 40 41 42 43 44 45 46 47 48 50 51 52 53 54 56 57 58 60 64 65 66 68 69 70 71 74 75 76 78 79 80 81 82 83 84 85 86 87 88 89 90 91 92 93 94 95 96 97 98 99 100 101 102 103 104 105 106 108 109 111 112 113 115 116 117 118 119,75_85,8,1,1,16384,24292025,f3a54cf3c0016ed98879d71ed4edef4772e9773e1088ae05e98d6275574b57b0,grid,,,,default,default,0.016317308899209237,-0.013304882640893686,0.006560515153326967,0.007411815420709532,0.00803215410724187,0.00803248343082123,0.014811095770051462,64,1032,False
ibm_phoenix,dao2psf8gn2s739nabmg,2026-09-21T01:50:05.938230+00:00,2026-09-20T18:58:57.540757+00:00,data/calibrations/ibm_phoenix_properties_2026-09-20T185845Z.json,85,20 21 22 23 25 26 28 29 30 31 32 33 34 35 36 37 38 39 40 41 42 43 44 45 46 47 48 50 51 52 53 54 56 57 58 60 64 65 66 68 69 70 71 74 75 76 78 79 80 81 82 83 84 85 86 87 88 89 90 91 92 93 94 95 96 97 98 99 100 101 102 103 104 105 106 108 109 111 112 113 115 116 117 118 119,75_85,8,1,1,16384,24292026,a2e8b4f22ca65115b0412ff1802a32f7097e8889a6b75c8ea476af0b27b7fea7,grid,,,,default,default,0.014685578009288314,0.013806953683946278,0.0085345087532418,0.0071599011584818194,0.008032340806994985,0.008032433195893711,0.000439312162671018,64,1032,False
ibm_phoenix,dao2psf8gn2s739nabmg,2026-09-21T01:50:05.938261+00:00,2026-09-20T18:58:57.540757+00:00,data/calibrations/ibm_phoenix_properties_2026-09-20T185845Z.json,85,20 21 22 23 25 26 28 29 30 31 32 33 34 35 36 37 38 39 40 41 42 43 44 45 46 47 48 50 51 52 53 54 56 57 58 60 64 65 66 68 69 70 71 74 75 76 78 79 80 81 82 83 84 85 86 87 88 89 90 91 92 93 94 95 96 97 98 99 100 101 102 103 104 105 106 108 109 111 112 113 115 116 117 118 119,75_85,8,1,1,16384,24292027,46e4ad72d86606637e531be8000df18e30a22b1c6cb5d9956736e2af46775871,grid,,,,default,default,0.007531065645788879,0.01669386218149868,0.006761093490077374,0.006854522124408189,0.008032927391592762,0.008032108231116712,-0.004581398267854901,64,1032,False
ibm_phoenix,dao2psf8gn2s739nabmg,2026-09-21T01:50:05.938302+00:00,2026-09-20T18:58:57.540757+00:00,data/calibrations/ibm_phoenix_properties_2026-09-20T185845Z.json,85,20 21 22 23 25 26 28 29 30 31 32 33 34 35 36 37 38 39 40 41 42 43 44 45 46 47 48 50 51 52 53 54 56 57 58 60 64 65 66 68 69 70 71 74 75 76 78 79 80 81 82 83 84 85 86 87 88 89 90 91 92 93 94 95 96 97 98 99 100 101 102 103 104 105 106 108 109 111 112 113 115 116 117 118 119,75_85,8,1,1,16384,24292028,fdc59357b6bb2926ea37808203b6777599ae86d5bba05c85ae42367e9b76c8c0,grid,,,,default,default,-0.009790385339525544,-0.045688464917785866,0.006844903257341067,0.008542340446906483,0.008032782973311595,0.008025430023496793,0.01794903978913016,64,1032,False
ibm_phoenix,dao2psf8gn2s739nabmg,2026-09-21T01:50:05.938333+00:00,2026-09-20T18:58:57.540757+00:00,data/calibrations/ibm_phoenix_properties_2026-09-20T185845Z.json,85,20 21 22 23 25 26 28 29 30 31 32 33 34 35 36 37 38 39 40 41 42 43 44 45 46 47 48 50 51 52 53 54 56 57 58 60 64 65 66 68 69 70 71 74 75 76 78 79 80 81 82 83 84 85 86 87 88 89 90 91 92 93 94 95 96 97 98 99 100 101 102 103 104 105 106 108 109 111 112 113 115 116 117 118 119,75_85,8,1,1,16384,24292029,ac7a44842e33b1f1e6c23b216bdcd5f399528ff07d1cbe687255e7d9b1219432,grid,,,,default,default,-0.009162796535709804,-0.014434542487762018,0.00868023886274069,0.006608175582121467,0.008032826868836765,0.008032367785360974,0.002635872976026107,64,1032,False
ibm_phoenix,dao2psf8gn2s739nabmg,2026-09-21T01:50:05.938363+00:00,2026-09-20T18:58:57.540757+00:00,data/calibrations/ibm_phoenix_properties_2026-09-20T185845Z.json,85,20 21 22 23 25 26 28 29 30 31 32 33 34 35 36 37 38 39 40 41 42 43 44 45 46 47 48 50 51 52 53 54 56 57 58 60 64 65 66 68 69 70 71 74 75 76 78 79 80 81 82 83 84 85 86 87 88 89 90 91 92 93 94 95 96 97 98 99 100 101 102 103 104 105 106 108 109 111 112 113 115 116 117 118 119,75_85,8,1,1,16384,24292030,2f4cbcb3166b52f55897e8c7a12ff0269eceeefce9866c661d2aa07d56248950,grid,,,,default,default,0.018325593071419607,-0.008033136688841471,0.008571964597837977,0.008358019458023395,0.008031897337117217,0.008032898554655514,0.01317936488013054,64,1032,False
ibm_phoenix,dao2psf8gn2s739nabmg,2026-09-21T01:50:05.938393+00:00,2026-09-20T18:58:57.540757+00:00,data/calibrations/ibm_phoenix_properties_2026-09-20T185845Z.json,85,20 21 22 23 25 26 28 29 30 31 32 33 34 35 36 37 38 39 40 41 42 43 44 45 46 47 48 50 51 52 53 54 56 57 58 60 64 65 66 68 69 70 71 74 75 76 78 79 80 81 82 83 84 85 86 87 88 89 90 91 92 93 94 95 96 97 98 99 100 101 102 103 104 105 106 108 109 111 112 113 115 116 117 118 119,75_85,8,1,1,16384,24292031,191c2c9df0c2c0d81fb1285e7cc8f3388e4f9ce3c05de714cfe82a661688919a,grid,,,,default,default,-0.0007531065645788879,-0.006150370277394251,0.007544520701911277,0.008520403129183887,0.008033134595895977,0.008032997099809864,0.0026986318564076817,64,1032,False
ibm_phoenix,dao2psf8gn2s739nabmg,2026-09-21T01:50:05.938423+00:00,2026-09-20T18:58:57.540757+00:00,data/calibrations/ibm_phoenix_properties_2026-09-20T185845Z.json,85,20 21 22 23 25 26 28 29 30 31 32 33 34 35 36 37 38 39 40 41 42 43 44 45 46 47 48 50 51 52 53 54 56 57 58 60 64 65 66 68 69 70 71 74 75 76 78 79 80 81 82 83 84 85 86 87 88 89 90 91 92 93 94 95 96 97 98 99 100 101 102 103 104 105 106 108 109 111 112 113 115 116 117 118 119,75_85,8,1,1,16384,24292032,0c4da9e67a41c32762c1bf3031c911270776f2345ec360de72b0b000f96575c7,grid,,,,default,default,0.0011296598468683318,0.0007531065645788879,0.00833769513260357,0.007163177819830921,0.008033131979713342,0.008033134595895977,0.00018827664114472197,64,1032,False
ibm_phoenix,dao2psf8gn2s739nabmg,2026-09-21T01:50:05.938453+00:00,2026-09-20T18:58:57.540757+00:00,data/calibrations/ibm_phoenix_properties_2026-09-20T185845Z.json,85,20 21 22 23 25 26 28 29 30 31 32 33 34 35 36 37 38 39 40 41 42 43 44 45 46 47 48 50 51 52 53 54 56 57 58 60 64 65 66 68 69 70 71 74 75 76 78 79 80 81 82 83 84 85 86 87 88 89 90 91 92 93 94 95 96 97 98 99 100 101 102 103 104 105 106 108 109 111 112 113 115 116 117 118 119,75_85,8,1,1,16384,24292033,ae1f86ef1cfeb24850da51ec55357aa6992a5700ee53d68f7b377aee12d758bc,grid,,,,default,default,-0.012551776076314799,-0.008409689971130915,0.007874193913487633,0.007285142741770007,0.008032555294129688,0.008032875705960356,-0.002071043052591942,64,1032,False
ibm_phoenix,dao2psf8gn2s739nabmg,2026-09-21T01:50:05.938502+00:00,2026-09-20T18:58:57.540757+00:00,data/calibrations/ibm_phoenix_properties_2026-09-20T185845Z.json,85,20 21 22 23 25 26 28 29 30 31 32 33 34 35 36 37 38 39 40 41 42 43 44 45 46 47 48 50 51 52 53 54 56 57 58 60 64 65 66 68 69 70 71 74 75 76 78 79 80 81 82 83 84 85 86 87 88 89 90 91 92 93 94 95 96 97 98 99 100 101 102 103 104 105 106 108 109 111 112 113 115 116 117 118 119,75_85,8,1,1,16384,24292034,cb341ebe645fea4b004989c93b86fec72ba1f1fba77390215f42eb09ad2e5c1f,grid,,,,default,default,-0.0055227814735785115,-0.011547633990209614,0.009080325932103504,0.00828751372792803,0.008033024134109917,0.008032644599092816,0.003012426258315551,64,1032,False
ibm_phoenix,dao2psf8gn2s739nabmg,2026-09-21T01:50:05.938536+00:00,2026-09-20T18:58:57.540757+00:00,data/calibrations/ibm_phoenix_properties_2026-09-20T185845Z.json,85,20 21 22 23 25 26 28 29 30 31 32 33 34 35 36 37 38 39 40 41 42 43 44 45 46 47 48 50 51 52 53 54 56 57 58 60 64 65 66 68 69 70 71 74 75 76 78 79 80 81 82 83 84 85 86 87 88 89 90 91 92 93 94 95 96 97 98 99 100 101 102 103 104 105 106 108 109 111 112 113 115 116 117 118 119,75_85,8,1,1,16384,24292035,b84be66da59c72bcdec2a45f3821dc53b5eb285c75750332c6c1d9be1c867854,grid,,,,default,default,0.02108698380820886,-0.008786243253420358,0.008446188272162796,0.00769750760966389,0.008031495652169374,0.008032851810690553,0.014936613530814609,64,1032,False
ibm_phoenix,dao2psf8gn2s739nabmg,2026-09-21T01:50:05.938567+00:00,2026-09-20T18:58:57.540757+00:00,data/calibrations/ibm_phoenix_properties_2026-09-20T185845Z.json,85,20 21 22 23 25 26 28 29 30 31 32 33 34 35 36 37 38 39 40 41 42 43 44 45 46 47 48 50 51 52 53 54 56 57 58 60 64 65 66 68 69 70 71 74 75 76 78 79 80 81 82 83 84 85 86 87 88 89 90 91 92 93 94 95 96 97 98 99 100 101 102 103 104 105 106 108 109 111 112 113 115 116 117 118 119,75_85,8,1,1,16384,24292036,0258d697f16598c2abb07e7eed5058f8b0dbf9c116fba3caf343f65eaa4cc888,grid,,,,default,default,0.004895192669762772,0.009162796535709804,0.009612949125743732,0.008362232182281687,0.008033048261419158,0.008032826868836765,-0.002133801932973516,64,1032,False
ibm_phoenix,dao2psf8gn2s739nabmg,2026-09-21T01:50:05.938598+00:00,2026-09-20T18:58:57.540757+00:00,data/calibrations/ibm_phoenix_properties_2026-09-20T185845Z.json,85,20 21 22 23 25 26 28 29 30 31 32 33 34 35 36 37 38 39 40 41 42 43 44 45 46 47 48 50 51 52 53 54 56 57 58 60 64 65 66 68 69 70 71 74 75 76 78 79 80 81 82 83 84 85 86 87 88 89 90 91 92 93 94 95 96 97 98 99 100 101 102 103 104 105 106 108 109 111 112 113 115 116 117 118 119,75_85,8,1,1,16384,24292037,d97a2095b6d4f7a53511ec345fefe639ae4ac3868c59f839700eeca2eda44cb3,grid,,,,default,default,-0.06024852516631103,0.043931216267101794,0.008011930276289625,0.007351194032076712,0.008019730653145131,0.008026011701598773,-0.05208987071670641,64,1032,False
ibm_phoenix,dao2psf8gn2s739nabmg,2026-09-21T01:50:05.938629+00:00,2026-09-20T18:58:57.540757+00:00,data/calibrations/ibm_phoenix_properties_2026-09-20T185845Z.json,85,20 21 22 23 25 26 28 29 30 31 32 33 34 35 36 37 38 39 40 41 42 43 44 45 46 47 48 50 51 52 53 54 56 57 58 60 64 65 66 68 69 70 71 74 75 76 78 79 80 81 82 83 84 85 86 87 88 89 90 91 92 93 94 95 96 97 98 99 100 101 102 103 104 105 106 108 109 111 112 113 115 116 117 118 119,75_85,8,1,1,16384,24292038,a8acd867ff6a483274ce31efdb988f2d45eeaa3992a25c62887811b9081c6398,grid,,,,default,default,-0.018576628592945902,-0.023973892305761264,0.009120174644003273,0.0063520327638330884,0.008031863146997656,0.008031015499490873,0.002698631856407681,64,1032,False
ibm_phoenix,dao2psf8gn2s739nabmg,2026-09-21T01:50:05.938658+00:00,2026-09-20T18:58:57.540757+00:00,data/calibrations/ibm_phoenix_properties_2026-09-20T185845Z.json,85,20 21 22 23 25 26 28 29 30 31 32 33 34 35 36 37 38 39 40 41 42 43 44 45 46 47 48 50 51 52 53 54 56 57 58 60 64 65 66 68 69 70 71 74 75 76 78 79 80 81 82 83 84 85 86 87 88 89 90 91 92 93 94 95 96 97 98 99 100 101 102 103 104 105 106 108 109 111 112 113 115 116 117 118 119,75_85,8,1,1,16384,24292039,c464104e86e9c3740ce331ec73e6b45b4907bcf14097cfe08f12077d33e88e66,grid,,,,default,default,0.004895192669762772,-0.019204217396761643,0.00876781891594941,0.00862290542804675,0.008033048261419158,0.00803177563590959,0.012049705033262208,64,1032,False
ibm_phoenix,dao2psf8gn2s739nabmg,2026-09-21T01:50:05.938695+00:00,2026-09-20T18:58:57.540757+00:00,data/calibrations/ibm_phoenix_properties_2026-09-20T185845Z.json,85,20 21 22 23 25 26 28 29 30 31 32 33 34 35 36 37 38 39 40 41 42 43 44 45 46 47 48 50 51 52 53 54 56 57 58 60 64 65 66 68 69 70 71 74 75 76 78 79 80 81 82 83 84 85 86 87 88 89 90 91 92 93 94 95 96 97 98 99 100 101 102 103 104 105 106 108 109 111 112 113 115 116 117 118 119,75_85,8,1,1,16384,24292040,316f3c09c4ccc20ef5240df330fc3c760d4183a72cb9d2ad79d4df41ec6d52b6,grid,,,,default,default,0.0022593196937366637,0.0015062131291577758,0.006990646939212703,0.007035156003000897,0.008033117852312392,0.008033128317056222,0.00037655328228944395,64,1032,False
ibm_phoenix,dao2psf8gn2s739nabmg,2026-09-21T01:50:05.938725+00:00,2026-09-20T18:58:57.540757+00:00,data/calibrations/ibm_phoenix_properties_2026-09-20T185845Z.json,85,20 21 22 23 25 26 28 29 30 31 32 33 34 35 36 37 38 39 40 41 42 43 44 45 46 47 48 50 51 52 53 54 56 57 58 60 64 65 66 68 69 70 71 74 75 76 78 79 80 81 82 83 84 85 86 87 88 89 90 91 92 93 94 95 96 97 98 99 100 101 102 103 104 105 106 108 109 111 112 113 115 116 117 118 119,75_85,8,1,1,16384,24292041,a12d0d7583674fdb9fbdf5e7153e6c9966c77ded6e953c79281df8a8537d3932,grid,,,,default,default,-0.023346303501945526,0.02786494288941885,0.006163082432963104,0.007866630919754938,0.008031125116625225,0.00803027093566645,-0.025605623195682187,64,1032,False
ibm_phoenix,dao2psf8gn2s739nabmg,2026-09-21T01:50:05.938756+00:00,2026-09-20T18:58:57.540757+00:00,data/calibrations/ibm_phoenix_properties_2026-09-20T185845Z.json,85,20 21 22 23 25 26 28 29 30 31 32 33 34 35 36 37 38 39 40 41 42 43 44 45 46 47 48 50 51 52 53 54 56 57 58 60 64 65 66 68 69 70 71 74 75 76 78 79 80 81 82 83 84 85 86 87 88 89 90 91 92 93 94 95 96 97 98 99 100 101 102 103 104 105 106 108 109 111 112 113 115 116 117 118 119,75_85,8,1,1,16384,24292042,651a53795e09c2abaf68b607926252f3a98bdb640c3bd80eb9b516a03a051e9b,grid,,,,default,default,0.050207104305259195,0.044809840592443834,0.010376515924712016,0.005099237684166866,0.008023829318215232,0.008025723719180287,0.002698631856407681,64,1032,False
ibm_phoenix,dao2psf8gn2s739nabmg,2026-09-21T01:50:05.938786+00:00,2026-09-20T18:58:57.540757+00:00,data/calibrations/ibm_phoenix_properties_2026-09-20T185845Z.json,85,20 21 22 23 25 26 28 29 30 31 32 33 34 35 36 37 38 39 40 41 42 43 44 45 46 47 48 50 51 52 53 54 56 57 58 60 64 65 66 68 69 70 71 74 75 76 78 79 80 81 82 83 84 85 86 87 88 89 90 91 92 93 94 95 96 97 98 99 100 101 102 103 104 105 106 108 109 111 112 113 115 116 117 118 119,75_85,8,1,1,16384,24292043,62ff30fc6ff0e2943b3db135a22337a9c5a9b3955fb1f7691f86f6947ce3fbec,grid,,,,default,default,0.009413832057236098,0.014685578009288314,0.00862082131538085,0.007246672753390866,0.008032809659493892,0.008032340806994985,-0.002635872976026108,64,1032,False
ibm_phoenix,dao2psf8gn2s739nabmg,2026-09-21T01:50:05.938816+00:00,2026-09-20T18:58:57.540757+00:00,data/calibrations/ibm_phoenix_properties_2026-09-20T185845Z.json,85,20 21 22 23 25 26 28 29 30 31 32 33 34 35 36 37 38 39 40 41 42 43 44 45 46 47 48 50 51 52 53 54 56 57 58 60 64 65 66 68 69 70 71 74 75 76 78 79 80 81 82 83 84 85 86 87 88 89 90 91 92 93 94 95 96 97 98 99 100 101 102 103 104 105 106 108 109 111 112 113 115 116 117 118 119,75_85,8,1,1,16384,24292044,d39ee97814a21ba908652d73eb5109c75d99ee6f7d00cea0bb8132634a2d0874,grid,,,,default,default,0.018827664114472197,0.00564829923434166,0.00796708038899418,0.006983709727065665,0.008031828491557874,0.008033018959810066,0.006589682440065268,64,1032,False
ibm_phoenix,dao2psf8gn2s739nabmg,2026-09-21T01:50:05.938846+00:00,2026-09-20T18:58:57.540757+00:00,data/calibrations/ibm_phoenix_properties_2026-09-20T185845Z.json,85,20 21 22 23 25 26 28 29 30 31 32 33 34 35 36 37 38 39 40 41 42 43 44 45 46 47 48 50 51 52 53 54 56 57 58 60 64 65 66 68 69 70 71 74 75 76 78 79 80 81 82 83 84 85 86 87 88 89 90 91 92 93 94 95 96 97 98 99 100 101 102 103 104 105 106 108 109 111 112 113 115 116 117 118 119,75_85,8,1,1,16384,24292045,3ae31c597359af68f60ab21f19e3614c1f3d08d7b78f871dd8f9ae9b755fa1de,grid,,,,default,default,-0.024601481109577005,-0.033764277645286805,0.0064925172278852555,0.007019849662714283,0.008030902973183962,0.008028928708680058,0.0045813982678549,64,1032,False
ibm_phoenix,dao2psf8gn2s739nabmg,2026-09-21T01:50:05.938877+00:00,2026-09-20T18:58:57.540757+00:00,data/calibrations/ibm_phoenix_properties_2026-09-20T185845Z.json,85,20 21 22 23 25 26 28 29 30 31 32 33 34 35 36 37 38 39 40 41 42 43 44 45 46 47 48 50 51 52 53 54 56 57 58 60 64 65 66 68 69 70 71 74 75 76 78 79 80 81 82 83 84 85 86 87 88 89 90 91 92 93 94 95 96 97 98 99 100 101 102 103 104 105 106 108 109 111 112 113 115 116 117 118 119,75_85,8,1,1,16384,24292046,0a0d7cfef3a4e7e11f1529934267e0333fb3d9a2d9ea78e650a8ccd6d8dd9520,grid,,,,default,default,0.0064014057989205475,-0.006903476841973139,0.006355368802599208,0.007195654222799035,0.008032985472125944,0.00803296082138037,0.006652441320446843,64,1032,False
ibm_phoenix,dao2psf8gn2s739nabmg,2026-09-21T01:50:05.938906+00:00,2026-09-20T18:58:57.540757+00:00,data/calibrations/ibm_phoenix_properties_2026-09-20T185845Z.json,85,20 21 22 23 25 26 28 29 30 31 32 33 34 35 36 37 38 39 40 41 42 43 44 45 46 47 48 50 51 52 53 54 56 57 58 60 64 65 66 68 69 70 71 74 75 76 78 79 80 81 82 83 84 85 86 87 88 89 90 91 92 93 94 95 96 97 98 99 100 101 102 103 104 105 106 108 109 111 112 113 115 116 117 118 119,75_85,8,1,1,16384,24292047,9212ab645d6a137367ab9dce8d9d1d470b1a9805fb700b0e37d2ecc64e44852e,grid,,,,default,default,0.009413832057236098,-0.028618049453997742,0.006287460878462798,0.007683892300302369,0.008032809659493892,0.008030113907221496,0.01901594075561692,64,1032,False
ibm_phoenix,dao2psf8gn2s739nabmg,2026-09-21T01:50:05.938935+00:00,2026-09-20T18:58:57.540757+00:00,data/calibrations/ibm_phoenix_properties_2026-09-20T185845Z.json,85,20 21 22 23 25 26 28 29 30 31 32 33 34 35 36 37 38 39 40 41 42 43 44 45 46 47 48 50 51 52 53 54 56 57 58 60 64 65 66 68 69 70 71 74 75 76 78 79 80 81 82 83 84 85 86 87 88 89 90 91 92 93 94 95 96 97 98 99 100 101 102 103 104 105 106 108 109 111 112 113 115 116 117 118 119,75_85,8,1,1,16384,24292048,c87595d02ba686afa6ace0e8fdf76207eb1d5c289dda0f57bf39933e80c945ed,grid,,,,default,default,-0.026484247521024226,-0.021714572612024603,0.009520997136635668,0.006417102200386824,0.008030547937989112,0.00803139650709266,-0.002384837454499812,64,1032,False
ibm_phoenix,dao2psf8gn2s739nabmg,2026-09-21T01:50:05.938965+00:00,2026-09-20T18:58:57.540757+00:00,data/calibrations/ibm_phoenix_properties_2026-09-20T185845Z.json,85,20 21 22 23 25 26 28 29 30 31 32 33 34 35 36 37 38 39 40 41 42 43 44 45 46 47 48 50 51 52 53 54 56 57 58 60 64 65 66 68 69 70 71 74 75 76 78 79 80 81 82 83 84 85 86 87 88 89 90 91 92 93 94 95 96 97 98 99 100 101 102 103 104 105 106 108 109 111 112 113 115 116 117 118 119,75_85,8,1,1,16384,24292049,475ac5d902e002d4f31b80848ff1e5a919bfa4aca034b7c80591e391176cc70b,grid,,,,default,default,-0.015313166813104054,-0.006652441320446843,0.007492160311003233,0.008172376156710608,0.00803227132565676,0.008032973379316813,-0.004330362746328606,64,1032,False
ibm_phoenix,dao2psf8gn2s739nabmg,2026-09-21T01:50:05.938995+00:00,2026-09-20T18:58:57.540757+00:00,data/calibrations/ibm_phoenix_properties_2026-09-20T185845Z.json,85,20 21 22 23 25 26 28 29 30 31 32 33 34 35 36 37 38 39 40 41 42 43 44 45 46 47 48 50 51 52 53 54 56 57 58 60 64 65 66 68 69 70 71 74 75 76 78 79 80 81 82 83 84 85 86 87 88 89 90 91 92 93 94 95 96 97 98 99 100 101 102 103 104 105 106 108 109 111 112 113 115 116 117 118 119,75_85,8,1,1,16384,24292050,30ca7a9212756eb238820a85ba9a3cc85622048ddc20ac3fd9fc67123c4fc24f,grid,,,,default,default,0.054474708171206226,-0.06188025605623196,0.008997272314853286,0.006040709144099317,0.0080221786929951,0.008018994010471079,0.05817748211371909,64,1032,False
ibm_phoenix,dao2psf8gn2s739nabmg,2026-09-21T01:50:05.939025+00:00,2026-09-20T18:58:57.540757+00:00,data/calibrations/ibm_phoenix_properties_2026-09-20T185845Z.json,85,20 21 22 23 25 26 28 29 30 31 32 33 34 35 36 37 38 39 40 41 42 43 44 45 46 47 48 50 51 52 53 54 56 57 58 60 64 65 66 68 69 70 71 74 75 76 78 79 80 81 82 83 84 85 86 87 88 89 90 91 92 93 94 95 96 97 98 99 100 101 102 103 104 105 106 108 109 111 112 113 115 116 117 118 119,75_85,8,1,1,16384,24292051,22defb52fa1a01daa0e6253f4f6e3a4b7484d262b8577aa07bdcd523cb027128,grid,,,,default,default,-0.03501945525291829,-0.053345048324337896,0.008568924629373711,0.0080004990129829,0.008028609942604356,0.008022628754302279,0.009162796535709804,64,1032,False
ibm_phoenix,dao2psf8gn2s739nabmg,2026-09-21T01:50:05.939059+00:00,2026-09-20T18:58:57.540757+00:00,data/calibrations/ibm_phoenix_properties_2026-09-20T185845Z.json,85,20 21 22 23 25 26 28 29 30 31 32 33 34 35 36 37 38 39 40 41 42 43 44 45 46 47 48 50 51 52 53 54 56 57 58 60 64 65 66 68 69 70 71 74 75 76 78 79 80 81 82 83 84 85 86 87 88 89 90 91 92 93 94 95 96 97 98 99 100 101 102 103 104 105 106 108 109 111 112 113 115 116 117 118 119,75_85,8,1,1,16384,24292052,bf4866c5c4db6f908e1710df830a81b320714fa3baadb7dce5a32d4f874082ad,grid,,,,default,default,0.004267603865947031,-0.03188151123383959,0.007120162477161527,0.008549950514871577,0.008033069481763773,0.00802938502239588,0.01807455754989331,64,1032,False
ibm_phoenix,dao2psf8gn2s739nabmg,2026-09-21T01:50:05.939091+00:00,2026-09-20T18:58:57.540757+00:00,data/calibrations/ibm_phoenix_properties_2026-09-20T185845Z.json,85,20 21 22 23 25 26 28 29 30 31 32 33 34 35 36 37 38 39 40 41 42 43 44 45 46 47 48 50 51 52 53 54 56 57 58 60 64 65 66 68 69 70 71 74 75 76 78 79 80 81 82 83 84 85 86 87 88 89 90 91 92 93 94 95 96 97 98 99 100 101 102 103 104 105 106 108 109 111 112 113 115 116 117 118 119,75_85,8,1,1,16384,24292053,e4a1cdbdded93e40dcd6957eab54e5358452d7cb381666a7cbff6cabf903381d,grid,,,,default,default,0.03489393749215514,0.021589054851261454,0.006987417262562654,0.006127981878643472,0.00802864234331068,0.008031416568805193,0.006652441320446845,64,1032,False
ibm_phoenix,dao2psf8gn2s739nabmg,2026-09-21T01:50:05.939127+00:00,2026-09-20T18:58:57.540757+00:00,data/calibrations/ibm_phoenix_properties_2026-09-20T185845Z.json,85,20 21 22 23 25 26 28 29 30 31 32 33 34 35 36 37 38 39 40 41 42 43 44 45 46 47 48 50 51 52 53 54 56 57 58 60 64 65 66 68 69 70 71 74 75 76 78 79 80 81 82 83 84 85 86 87 88 89 90 91 92 93 94 95 96 97 98 99 100 101 102 103 104 105 106 108 109 111 112 113 115 116 117 118 119,75_85,8,1,1,16384,24292054,004ccd05bd3ff972a45a526f46d23530a3cf19b4f0c43aa94a81e88c352e496a,grid,,,,default,default,0.0030124262583155516,-0.008786243253420358,0.008107321305652285,0.008004533973351225,0.008033103201648127,0.008032851810690553,0.005899334755867955,64,1032,False
ibm_phoenix,dao2psf8gn2s739nabmg,2026-09-21T01:50:05.939159+00:00,2026-09-20T18:58:57.540757+00:00,data/calibrations/ibm_phoenix_properties_2026-09-20T185845Z.json,85,20 21 22 23 25 26 28 29 30 31 32 33 34 35 36 37 38 39 40 41 42 43 44 45 46 47 48 50 51 52 53 54 56 57 58 60 64 65 66 68 69 70 71 74 75 76 78 79 80 81 82 83 84 85 86 87 88 89 90 91 92 93 94 95 96 97 98 99 100 101 102 103 104 105 106 108 109 111 112 113 115 116 117 118 119,75_85,8,1,1,16384,24292055,dfcf99930af24e9f95feb5691a2d73f141df06e7f9f6d3ecdbfd8bde2280a277,grid,,,,default,default,-0.019078699635998494,-0.006526923559683696,0.008442448489016636,0.008143679691560605,0.008031793370791847,0.00803297948386216,-0.006275888038157399,64,1032,False
ibm_phoenix,dao2psf8gn2s739nabmg,2026-09-21T01:50:05.939189+00:00,2026-09-20T18:58:57.540757+00:00,data/calibrations/ibm_phoenix_properties_2026-09-20T185845Z.json,85,20 21 22 23 25 26 28 29 30 31 32 33 34 35 36 37 38 39 40 41 42 43 44 45 46 47 48 50 51 52 53 54 56 57 58 60 64 65 66 68 69 70 71 74 75 76 78 79 80 81 82 83 84 85 86 87 88 89 90 91 92 93 94 95 96 97 98 99 100 101 102 103 104 105 106 108 109 111 112 113 115 116 117 118 119,75_85,8,1,1,16384,24292056,5f5d54a094805222e0f2c996941834bd8a2d5fb4cfab4ecf66fbdc61a27d3936,grid,,,,default,default,0.020961466047445712,-0.000502071043052592,0.007811922823956782,0.011086494350587306,0.008031515132143225,0.00803313575864354,0.010731768545249152,64,1032,False
ibm_phoenix,dao2psf8gn2s739nabmg,2026-09-21T01:50:05.939220+00:00,2026-09-20T18:58:57.540757+00:00,data/calibrations/ibm_phoenix_properties_2026-09-20T185845Z.json,85,20 21 22 23 25 26 28 29 30 31 32 33 34 35 36 37 38 39 40 41 42 43 44 45 46 47 48 50 51 52 53 54 56 57 58 60 64 65 66 68 69 70 71 74 75 76 78 79 80 81 82 83 84 85 86 87 88 89 90 91 92 93 94 95 96 97 98 99 100 101 102 103 104 105 106 108 109 111 112 113 115 116 117 118 119,75_85,8,1,1,16384,24292057,36adea5fc1a42be4f9d5d968b79209697b09116604a0086d073eb6ab4ffe0c0f,grid,,,,default,default,-0.010920045186393874,-0.0046441571482364755,0.007428363334047992,0.007245562227367542,0.008032696635055578,0.008033057098391397,-0.0031379440190786993,64,1032,False
ibm_phoenix,dao2psf8gn2s739nabmg,2026-09-21T01:50:05.939250+00:00,2026-09-20T18:58:57.540757+00:00,data/calibrations/ibm_phoenix_properties_2026-09-20T185845Z.json,85,20 21 22 23 25 26 28 29 30 31 32 33 34 35 36 37 38 39 40 41 42 43 44 45 46 47 48 50 51 52 53 54 56 57 58 60 64 65 66 68 69 70 71 74 75 76 78 79 80 81 82 83 84 85 86 87 88 89 90 91 92 93 94 95 96 97 98 99 100 101 102 103 104 105 106 108 109 111 112 113 115 116 117 118 119,75_85,8,1,1,16384,24292058,44033f38945246c44963b1c968ce63faeef177994375c40ac9a658b34d666949,grid,,,,default,default,0.0035144973013681437,0.005271745952052215,0.009326823858514964,0.006576074317961988,0.008033091109016222,0.008033034133870975,-0.0008786243253420358,64,1032,False
ibm_phoenix,dao2psf8gn2s739nabmg,2026-09-21T01:50:05.939280+00:00,2026-09-20T18:58:57.540757+00:00,data/calibrations/ibm_phoenix_properties_2026-09-20T185845Z.json,85,20 21 22 23 25 26 28 29 30 31 32 33 34 35 36 37 38 39 40 41 42 43 44 45 46 47 48 50 51 52 53 54 56 57 58 60 64 65 66 68 69 70 71 74 75 76 78 79 80 81 82 83 84 85 86 87 88 89 90 91 92 93 94 95 96 97 98 99 100 101 102 103 104 105 106 108 109 111 112 113 115 116 117 118 119,75_85,8,1,1,16384,24292059,d72c8d3e4f3c41d0628e1147598d37779408759a95f18cb17cae05989848770a,grid,,,,default,default,0.013179364880130539,0.007028994602736287,0.006861687616940827,0.00875391268958461,0.00803249569879399,0.00803295436798873,0.0030751851386971256,64,1032,False
ibm_phoenix,dao2psf8gn2s739nabmg,2026-09-21T01:50:05.939310+00:00,2026-09-20T18:58:57.540757+00:00,data/calibrations/ibm_phoenix_properties_2026-09-20T185845Z.json,85,20 21 22 23 25 26 28 29 30 31 32 33 34 35 36 37 38 39 40 41 42 43 44 45 46 47 48 50 51 52 53 54 56 57 58 60 64 65 66 68 69 70 71 74 75 76 78 79 80 81 82 83 84 85 86 87 88 89 90 91 92 93 94 95 96 97 98 99 100 101 102 103 104 105 106 108 109 111 112 113 115 116 117 118 119,75_85,8,1,1,16384,24292060,9096b58532791fbcc8103e9d95e89d1bed03fba0470290ee3fe87f1778c5e9a1,grid,,,,default,default,0.007782101167315175,0.010166938621814987,0.008621418104340441,0.008103413627215814,0.00803291320569302,0.008032755240518405,-0.001192418727249906,64,1032,False
ibm_phoenix,dao2psf8gn2s739nabmg,2026-09-21T01:50:05.939341+00:00,2026-09-20T18:58:57.540757+00:00,data/calibrations/ibm_phoenix_properties_2026-09-20T185845Z.json,85,20 21 22 23 25 26 28 29 30 31 32 33 34 35 36 37 38 39 40 41 42 43 44 45 46 47 48 50 51 52 53 54 56 57 58 60 64 65 66 68 69 70 71 74 75 76 78 79 80 81 82 83 84 85 86 87 88 89 90 91 92 93 94 95 96 97 98 99 100 101 102 103 104 105 106 108 109 111 112 113 115 116 117 118 119,75_85,8,1,1,16384,24292061,024e0936adb12707971eb698f043d7342c0fd394595d9f5ff0fe7f08b5ec4749,grid,,,,default,default,-0.004393121626710179,0.0033889795406049955,0.007330410126576764,0.00866547205983432,0.008033065470250868,0.008033094306588929,-0.0038910505836575876,64,1032,False
ibm_phoenix,dao2psf8gn2s739nabmg,2026-09-21T01:50:05.939371+00:00,2026-09-20T18:58:57.540757+00:00,data/calibrations/ibm_phoenix_properties_2026-09-20T185845Z.json,85,20 21 22 23 25 26 28 29 30 31 32 33 34 35 36 37 38 39 40 41 42 43 44 45 46 47 48 50 51 52 53 54 56 57 58 60 64 65 66 68 69 70 71 74 75 76 78 79 80 81 82 83 84 85 86 87 88 89 90 91 92 93 94 95 96 97 98 99 100 101 102 103 104 105 106 108 109 111 112 113 115 116 117 118 119,75_85,8,1,1,16384,24292062,a763644f20a7ed6eadc20752aa99f85bc69e7a409a155402698afe7baf3fe539,grid,,,,default,default,-0.015438684573867201,0.0008786243253420359,0.008155994194581578,0.006963090097543999,0.008032257080454597,0.00803313384010997,-0.008158654449604619,64,1032,False
ibm_phoenix,dao2psf8gn2s739nabmg,2026-09-21T01:50:05.939401+00:00,2026-09-20T18:58:57.540757+00:00,data/calibrations/ibm_phoenix_properties_2026-09-20T185845Z.json,85,20 21 22 23 25 26 28 29 30 31 32 33 34 35 36 37 38 39 40 41 42 43 44 45 46 47 48 50 51 52 53 54 56 57 58 60 64 65 66 68 69 70 71 74 75 76 78 79 80 81 82 83 84 85 86 87 88 89 90 91 92 93 94 95 96 97 98 99 100 101 102 103 104 105 106 108 109 111 112 113 115 116 117 118 119,75_85,8,1,1,16384,24292063,2156bcf33e0d192b35e07ee86882d980e6f097f53a111078bbc83d4ef4316878,grid,,,,default,default,-0.004142086105183884,-0.0033889795406049955,0.008704247797062732,0.006507850815818843,0.008033073376999024,0.008033094306588929,-0.00037655328228944416,64,1032,False
ibm_phoenix,dao2psf8gn2s739nabmg,2026-09-21T01:50:05.939431+00:00,2026-09-20T18:58:57.540757+00:00,data/calibrations/ibm_phoenix_properties_2026-09-20T185845Z.json,85,20 21 22 23 25 26 28 29 30 31 32 33 34 35 36 37 38 39 40 41 42 43 44 45 46 47 48 50 51 52 53 54 56 57 58 60 64 65 66 68 69 70 71 74 75 76 78 79 80 81 82 83 84 85 86 87 88 89 90 91 92 93 94 95 96 97 98 99 100 101 102 103 104 105 106 108 109 111 112 113 115 116 117 118 119,75_85,8,1,1,16384,24292064,a9e57f135e8a29e0dad80145d1383273370137fa62d8383dad70fd38faaf4ff6,grid,,,,default,default,0.008535207731894062,-0.0015062131291577758,0.008693867968689168,0.008155274668269243,0.008032867857156947,0.008033128317056222,0.005020710430525919,64,1032,False
ibm_phoenix,dao2psf8gn2s739nabmg,2026-09-21T01:50:05.939460+00:00,2026-09-20T18:58:57.540757+00:00,data/calibrations/ibm_phoenix_properties_2026-09-20T185845Z.json,85,20 21 22 23 25 26 28 29 30 31 32 33 34 35 36 37 38 39 40 41 42 43 44 45 46 47 48 50 51 52 53 54 56 57 58 60 64 65 66 68 69 70 71 74 75 76 78 79 80 81 82 83 84 85 86 87 88 89 90 91 92 93 94 95 96 97 98 99 100 101 102 103 104 105 106 108 109 111 112 113 115 116 117 118 119,75_85,8,1,1,16384,24292065,7054bceb2fd978336dcd82f9b7e31418fc073e482e940009abcd6a5ddc14fc12,grid,,,,default,default,0.008660725492657211,-0.004518639387473327,0.007680443034953606,0.007696093906776628,0.008032859892067128,0.008033061342460136,0.006589682440065269,64,1032,False
ibm_phoenix,dao2psf8gn2s739nabmg,2026-09-21T01:50:05.939510+00:00,2026-09-20T18:58:57.540757+00:00,data/calibrations/ibm_phoenix_properties_2026-09-20T185845Z.json,85,20 21 22 23 25 26 28 29 30 31 32 33 34 35 36 37 38 39 40 41 42 43 44 45 46 47 48 50 51 52 53 54 56 57 58 60 64 65 66 68 69 70 71 74 75 76 78 79 80 81 82 83 84 85 86 87 88 89 90 91 92 93 94 95 96 97 98 99 100 101 102 103 104 105 106 108 109 111 112 113 115 116 117 118 119,75_85,8,1,1,16384,24292066,46c1b75d038c55e0b19fb3e847820d39273428081459a8be2667879d313cedd6,grid,,,,default,default,-0.027613907367892557,-0.017070415463788124,0.009221570951792888,0.007715037084620743,0.008030322347275253,0.008032061308116876,-0.005271745952052216,64,1032,False
ibm_phoenix,dao2psf8gn2s739nabmg,2026-09-21T01:50:05.939544+00:00,2026-09-20T18:58:57.540757+00:00,data/calibrations/ibm_phoenix_properties_2026-09-20T185845Z.json,85,20 21 22 23 25 26 28 29 30 31 32 33 34 35 36 37 38 39 40 41 42 43 44 45 46 47 48 50 51 52 53 54 56 57 58 60 64 65 66 68 69 70 71 74 75 76 78 79 80 81 82 83 84 85 86 87 88 89 90 91 92 93 94 95 96 97 98 99 100 101 102 103 104 105 106 108 109 111 112 113 115 116 117 118 119,75_85,8,1,1,16384,24292067,5777cbf6cf0f0ff9fc0a8dcb73c5ab941f11c87cefb9c78e724fdf9cf5f43493,grid,,,,default,default,0.0038910505836575876,0.0030124262583155516,0.007799260397653675,0.00785063275180191,0.008033080818637238,0.008033103201648127,0.000439312162671018,64,1032,False
ibm_phoenix,dao2psf8gn2s739nabmg,2026-09-21T01:50:05.939575+00:00,2026-09-20T18:58:57.540757+00:00,data/calibrations/ibm_phoenix_properties_2026-09-20T185845Z.json,85,20 21 22 23 25 26 28 29 30 31 32 33 34 35 36 37 38 39 40 41 42 43 44 45 46 47 48 50 51 52 53 54 56 57 58 60 64 65 66 68 69 70 71 74 75 76 78 79 80 81 82 83 84 85 86 87 88 89 90 91 92 93 94 95 96 97 98 99 100 101 102 103 104 105 106 108 109 111 112 113 115 116 117 118 119,75_85,8,1,1,16384,24292068,6aa3c3c384945c3e262a8029c0b61df8a8a88d36ce8b2ef392b2a756f245506a,grid,,,,default,default,0.022091125894314046,-0.005397263712815363,0.007153470873486557,0.00738234604715067,0.00803133562384955,0.00803302919213015,0.013744194803564706,64,1032,False
ibm_phoenix,dao2psf8gn2s739nabmg,2026-09-21T01:50:05.939606+00:00,2026-09-20T18:58:57.540757+00:00,data/calibrations/ibm_phoenix_properties_2026-09-20T185845Z.json,85,20 21 22 23 25 26 28 29 30 31 32 33 34 35 36 37 38 39 40 41 42 43 44 45 46 47 48 50 51 52 53 54 56 57 58 60 64 65 66 68 69 70 71 74 75 76 78 79 80 81 82 83 84 85 86 87 88 89 90 91 92 93 94 95 96 97 98 99 100 101 102 103 104 105 106 108 109 111 112 113 115 116 117 118 119,75_85,8,1,1,16384,24292069,f4741759f6e0103008f5205b9247679c6f3554782d1d6dc87d8da2d82d48f332,grid,,,,default,default,0.006526923559683696,0.019204217396761643,0.008230275977314863,0.0054242114674456395,0.00803297948386216,0.00803177563590959,-0.006338646918538974,64,1032,False
ibm_phoenix,dao2psf8gn2s739nabmg,2026-09-21T01:50:05.939636+00:00,2026-09-20T18:58:57.540757+00:00,data/calibrations/ibm_phoenix_properties_2026-09-20T185845Z.json,85,20 21 22 23 25 26 28 29 30 31 32 33 34 35 36 37 38 39 40 41 42 43 44 45 46 47 48 50 51 52 53 54 56 57 58 60 64 65 66 68 69 70 71 74 75 76 78 79 80 81 82 83 84 85 86 87 88 89 90 91 92 93 94 95 96 97 98 99 100 101 102 103 104 105 106 108 109 111 112 113 115 116 117 118 119,75_85,8,1,1,16384,24292070,ab29f922bd43966c21cf705348f2c17d57afa04f4cab71f18524920657cbcee9,grid,,,,default,default,-0.0008786243253420359,0.009288314296472951,0.009786738880956916,0.00554965189303093,0.00803313384010997,0.008032818322309608,-0.0050834693109074935,64,1032,False
ibm_phoenix,dao2psf8gn2s739nabmg,2026-09-21T01:50:05.939667+00:00,2026-09-20T18:58:57.540757+00:00,data/calibrations/ibm_phoenix_properties_2026-09-20T185845Z.json,85,20 21 22 23 25 26 28 29 30 31 32 33 34 35 36 37 38 39 40 41 42 43 44 45 46 47 48 50 51 52 53 54 56 57 58 60 64 65 66 68 69 70 71 74 75 76 78 79 80 81 82 83 84 85 86 87 88 89 90 91 92 93 94 95 96 97 98 99 100 101 102 103 104 105 106 108 109 111 112 113 115 116 117 118 119,75_85,8,1,1,16384,24292071,d6a1ac674a6d21275882973d460fb5d397b9a25f7e0e4476ec89077791c08395,grid,,,,default,default,-0.013304882640893686,0.004267603865947031,0.007851529376650604,0.007095781149338323,0.00803248343082123,0.008033069481763773,-0.008786243253420358,64,1032,False
ibm_phoenix,dao2psf8gn2s739nabmg,2026-09-21T01:50:05.939697+00:00,2026-09-20T18:58:57.540757+00:00,data/calibrations/ibm_phoenix_properties_2026-09-20T185845Z.json,85,20 21 22 23 25 26 28 29 30 31 32 33 34 35 36 37 38 39 40 41 42 43 44 45 46 47 48 50 51 52 53 54 56 57 58 60 64 65 66 68 69 70 71 74 75 76 78 79 80 81 82 83 84 85 86 87 88 89 90 91 92 93 94 95 96 97 98 99 100 101 102 103 104 105 106 108 109 111 112 113 115 116 117 118 119,75_85,8,1,1,16384,24292072,9d1dfb2d1fa943da32cfd96f29f06c61cf2343c4a41ddf603a3bc8932871e9a4,grid,,,,default,default,0.005146228191289067,-0.004016568344420736,0.007360171080659734,0.009488015136940876,0.008033038959332613,0.00803307715595679,0.004581398267854902,64,1032,False
ibm_phoenix,dao2psf8gn2s739nabmg,2026-09-21T01:50:05.939728+00:00,2026-09-20T18:58:57.540757+00:00,data/calibrations/ibm_phoenix_properties_2026-09-20T185845Z.json,85,20 21 22 23 25 26 28 29 30 31 32 33 34 35 36 37 38 39 40 41 42 43 44 45 46 47 48 50 51 52 53 54 56 57 58 60 64 65 66 68 69 70 71 74 75 76 78 79 80 81 82 83 84 85 86 87 88 89 90 91 92 93 94 95 96 97 98 99 100 101 102 103 104 105 106 108 109 111 112 113 115 116 117 118 119,75_85,8,1,1,16384,24292073,20dd328da3f0b5675673776abd40708ce909e7fceec5315fa37957d872ceec67,grid,,,,default,default,0.017823522028367015,-0.019580770679051087,0.008710525873723632,0.00805618960335973,0.00803196432141937,0.00803172173325657,0.01870214635370905,64,1032,False
ibm_phoenix,dao2psf8gn2s739nabmg,2026-09-21T01:50:05.939757+00:00,2026-09-20T18:58:57.540757+00:00,data/calibrations/ibm_phoenix_properties_2026-09-20T185845Z.json,85,20 21 22 23 25 26 28 29 30 31 32 33 34 35 36 37 38 39 40 41 42 43 44 45 46 47 48 50 51 52 53 54 56 57 58 60 64 65 66 68 69 70 71 74 75 76 78 79 80 81 82 83 84 85 86 87 88 89 90 91 92 93 94 95 96 97 98 99 100 101 102 103 104 105 106 108 109 111 112 113 115 116 117 118 119,75_85,8,1,1,16384,24292074,e572304ed15623e0eea37f90c9d6c85edb74cc5f33e4dae8bf050b903b5a600d,grid,,,,default,default,0.019580770679051087,0.01129659846868332,0.008571624829781495,0.007722034999145276,0.00803172173325657,0.008032665762363033,0.004142086105183884,64,1032,False
ibm_phoenix,dao2psf8gn2s739nabmg,2026-09-21T01:50:05.939785+00:00,2026-09-20T18:58:57.540757+00:00,data/calibrations/ibm_phoenix_properties_2026-09-20T185845Z.json,85,20 21 22 23 25 26 28 29 30 31 32 33 34 35 36 37 38 39 40 41 42 43 44 45 46 47 48 50 51 52 53 54 56 57 58 60 64 65 66 68 69 70 71 74 75 76 78 79 80 81 82 83 84 85 86 87 88 89 90 91 92 93 94 95 96 97 98 99 100 101 102 103 104 105 106 108 109 111 112 113 115 116 117 118 119,75_85,8,1,1,16384,24292075,05de0674752a1d166d5bae9a69b9a8ce210a60f1878c99909dc0311e167d8b71,grid,,,,default,default,-0.0028869084975524035,-0.012928329358604242,0.007175917098519797,0.00848289041832571,0.008033105934115313,0.008032519885832326,0.00502071043052592,64,1032,False
ibm_phoenix,dao2psf8gn2s739nabmg,2026-09-21T01:50:05.939815+00:00,2026-09-20T18:58:57.540757+00:00,data/calibrations/ibm_phoenix_properties_2026-09-20T185845Z.json,85,20 21 22 23 25 26 28 29 30 31 32 33 34 35 36 37 38 39 40 41 42 43 44 45 46 47 48 50 51 52 53 54 56 57 58 60 64 65 66 68 69 70 71 74 75 76 78 79 80 81 82 83 84 85 86 87 88 89 90 91 92 93 94 95 96 97 98 99 100 101 102 103 104 105 106 108 109 111 112 113 115 116 117 118 119,75_85,8,1,1,16384,24292076,f47e324fe8023f5fcda1c994e60a9c05f9c8c7347ab3397c5b22d3c5df2ed77e,grid,,,,default,default,0.001631730889920924,0.002384837454499812,0.009609873750665255,0.007822203387750555,0.008033126863620395,0.008033115701224471,-0.00037655328228944395,64,1032,False
ibm_phoenix,dao2psf8gn2s739nabmg,2026-09-21T01:50:05.939844+00:00,2026-09-20T18:58:57.540757+00:00,data/calibrations/ibm_phoenix_properties_2026-09-20T185845Z.json,85,20 21 22 23 25 26 28 29 30 31 32 33 34 35 36 37 38 39 40 41 42 43 44 45 46 47 48 50 51 52 53 54 56 57 58 60 64 65 66 68 69 70 71 74 75 76 78 79 80 81 82 83 84 85 86 87 88 89 90 91 92 93 94 95 96 97 98 99 100 101 102 103 104 105 106 108 109 111 112 113 115 116 117 118 119,75_85,8,1,1,16384,24292077,a62bdd4c328421586614df28c4702faa424cb3258bfa26a8d1c37e68bb5114a7,grid,,,,default,default,0.00564829923434166,-0.0025103552152629595,0.0076470322246202415,0.008794757032056606,0.008033018959810066,0.008033113433860904,0.004079327224802309,64,1032,False
ibm_phoenix,dao2psf8gn2s739nabmg,2026-09-21T01:50:05.939874+00:00,2026-09-20T18:58:57.540757+00:00,data/calibrations/ibm_phoenix_properties_2026-09-20T185845Z.json,85,20 21 22 23 25 26 28 29 30 31 32 33 34 35 36 37 38 39 40 41 42 43 44 45 46 47 48 50 51 52 53 54 56 57 58 60 64 65 66 68 69 70 71 74 75 76 78 79 80 81 82 83 84 85 86 87 88 89 90 91 92 93 94 95 96 97 98 99 100 101 102 103 104 105 106 108 109 111 112 113 115 116 117 118 119,75_85,8,1,1,16384,24292078,9d5541fb61f569c75d5903e70e43efd1d7b0f8d90adffb730102dea93945ce43,grid,,,,default,default,0.007405547885025731,0.008033136688841471,0.008440754290546318,0.006750016971311374,0.008032934310116745,0.008032898554655514,-0.0003137944019078703,64,1032,False
ibm_phoenix,dao2psf8gn2s739nabmg,2026-09-21T01:50:05.939903+00:00,2026-09-20T18:58:57.540757+00:00,data/calibrations/ibm_phoenix_properties_2026-09-20T185845Z.json,85,20 21 22 23 25 26 28 29 30 31 32 33 34 35 36 37 38 39 40 41 42 43 44 45 46 47 48 50 51 52 53 54 56 57 58 60 64 65 66 68 69 70 71 74 75 76 78 79 80 81 82 83 84 85 86 87 88 89 90 91 92 93 94 95 96 97 98 99 100 101 102 103 104 105 106 108 109 111 112 113 115 116 117 118 119,75_85,8,1,1,16384,24292079,80c540003fb0efa9391acc649393ff2593e18f2238959c34b7ceeb0b0be9f8fb,grid,,,,default,default,-0.023848374544998118,0.037780845989707545,0.007694492740374025,0.007106874057277192,0.008031037655647694,0.008027867657218704,-0.030814610267352834,64,1032,False
ibm_phoenix,dao2psf8gn2s739nabmg,2026-09-21T01:50:05.939933+00:00,2026-09-20T18:58:57.540757+00:00,data/calibrations/ibm_phoenix_properties_2026-09-20T185845Z.json,85,20 21 22 23 25 26 28 29 30 31 32 33 34 35 36 37 38 39 40 41 42 43 44 45 46 47 48 50 51 52 53 54 56 57 58 60 64 65 66 68 69 70 71 74 75 76 78 79 80 81 82 83 84 85 86 87 88 89 90 91 92 93 94 95 96 97 98 99 100 101 102 103 104 105 106 108 109 111 112 113 115 116 117 118 119,75_85,8,1,1,16384,24292080,43223ed96040bd1711cdb7d8bf33c97c233700df2fe7a431a18ec9d843447a21,grid,,,,default,default,-0.006652441320446843,0.0031379440190786997,0.006751436493028502,0.007275126617522805,0.008032973379316813,0.008033100352904748,-0.004895192669762771,64,1032,False
ibm_phoenix,dao2psf8gn2s739nabmg,2026-09-21T01:50:05.939962+00:00,2026-09-20T18:58:57.540757+00:00,data/calibrations/ibm_phoenix_properties_2026-09-20T185845Z.json,85,20 21 22 23 25 26 28 29 30 31 32 33 34 35 36 37 38 39 40 41 42 43 44 45 46 47 48 50 51 52 53 54 56 57 58 60 64 65 66 68 69 70 71 74 75 76 78 79 80 81 82 83 84 85 86 87 88 89 90 91 92 93 94 95 96 97 98 99 100 101 102 103 104 105 106 108 109 111 112 113 115 116 117 118 119,75_85,8,1,1,16384,24292081,d3380d41fb6449a84f663a80305e23fba8f991860274c361c6c59922d1586ba2,grid,,,,default,default,-0.014434542487762018,0.011422116229446467,0.008455223197743469,0.006202956713632746,0.008032367785360974,0.008032655238875745,-0.012928329358604242,64,1032,False
ibm_phoenix,dao2psf8gn2s739nabmg,2026-09-21T01:50:05.939992+00:00,2026-09-20T18:58:57.540757+00:00,data/calibrations/ibm_phoenix_properties_2026-09-20T185845Z.json,85,20 21 22 23 25 26 28 29 30 31 32 33 34 35 36 37 38 39 40 41 42 43 44 45 46 47 48 50 51 52 53 54 56 57 58 60 64 65 66 68 69 70 71 74 75 76 78 79 80 81 82 83 84 85 86 87 88 89 90 91 92 93 94 95 96 97 98 99 100 101 102 103 104 105 106 108 109 111 112 113 115 116 117 118 119,75_85,8,1,1,16384,24292082,07c33f8c7719734e78c13d9fbd4edb0564febcfca0df6e4cfd93513bc71724d8,grid,,,,default,default,0.010794527425630727,-0.007405547885025731,0.00700979096934236,0.007370602167708119,0.00803270669336481,0.008032934310116745,0.00910003765532823,64,1032,False
ibm_phoenix,dao2psf8gn2s739nabmg,2026-09-21T01:50:05.940021+00:00,2026-09-20T18:58:57.540757+00:00,data/calibrations/ibm_phoenix_properties_2026-09-20T185845Z.json,85,20 21 22 23 25 26 28 29 30 31 32 33 34 35 36 37 38 39 40 41 42 43 44 45 46 47 48 50 51 52 53 54 56 57 58 60 64 65 66 68 69 70 71 74 75 76 78 79 80 81 82 83 84 85 86 87 88 89 90 91 92 93 94 95 96 97 98 99 100 101 102 103 104 105 106 108 109 111 112 113 115 116 117 118 119,75_85,8,1,1,16384,24292083,c2080744e848b61dfe4bf2cd9ad350edf581e62315790b9928768c6fa6e00fe1,grid,,,,default,default,0.013430400401656835,-0.009288314296472951,0.006160913395421663,0.007996658197495935,0.008032471046545359,0.008032818322309608,0.011359357349064892,64,1032,False
ibm_phoenix,dao2psf8gn2s739nabmg,2026-09-21T01:50:05.940050+00:00,2026-09-20T18:58:57.540757+00:00,data/calibrations/ibm_phoenix_properties_2026-09-20T185845Z.json,85,20 21 22 23 25 26 28 29 30 31 32 33 34 35 36 37 38 39 40 41 42 43 44 45 46 47 48 50 51 52 53 54 56 57 58 60 64 65 66 68 69 70 71 74 75 76 78 79 80 81 82 83 84 85 86 87 88 89 90 91 92 93 94 95 96 97 98 99 100 101 102 103 104 105 106 108 109 111 112 113 115 116 117 118 119,75_85,8,1,1,16384,24292084,aea9c211b754ba197d90b493a14c273cef47dfef077ca30052ed5221a234c204,grid,,,,default,default,0.009664867578762395,-0.015940755616919794,0.009073579099656656,0.009531912422894655,0.00803279198499527,0.008032198936510289,0.012802811597841093,64,1032,False
ibm_phoenix,dao2psf8gn2s739nabmg,2026-09-21T01:50:05.940078+00:00,2026-09-20T18:58:57.540757+00:00,data/calibrations/ibm_phoenix_properties_2026-09-20T185845Z.json,85,20 21 22 23 25 26 28 29 30 31 32 33 34 35 36 37 38 39 40 41 42 43 44 45 46 47 48 50 51 52 53 54 56 57 58 60 64 65 66 68 69 70 71 74 75 76 78 79 80 81 82 83 84 85 86 87 88 89 90 91 92 93 94 95 96 97 98 99 100 101 102 103 104 105 106 108 109 111 112 113 115 116 117 118 119,75_85,8,1,1,16384,24292085,6780d0b6f507dc70912e6fff82d7ba6e00d769c8d75340d4b65744ecb192b993,grid,,,,default,default,-0.0007531065645788879,-0.010041420861051838,0.006978240100927777,0.006629917972530429,0.008033134595895977,0.008032764601073562,0.004644157148236475,64,1032,False
ibm_phoenix,dao2psf8gn2s739nabmg,2026-09-21T01:50:05.940107+00:00,2026-09-20T18:58:57.540757+00:00,data/calibrations/ibm_phoenix_properties_2026-09-20T185845Z.json,85,20 21 22 23 25 26 28 29 30 31 32 33 34 35 36 37 38 39 40 41 42 43 44 45 46 47 48 50 51 52 53 54 56 57 58 60 64 65 66 68 69 70 71 74 75 76 78 79 80 81 82 83 84 85 86 87 88 89 90 91 92 93 94 95 96 97 98 99 100 101 102 103 104 105 106 108 109 111 112 113 115 116 117 118 119,75_85,8,1,1,16384,24292086,c29d606f268e5183bc2e08076665be73e1cbb4e20f61d734fbcdf8f5b50e089a,grid,,,,default,default,-0.005020710430525919,0.001004142086105184,0.007078136502882323,0.007333933173004515,0.008033043668515273,0.008033132968049105,-0.0030124262583155516,64,1032,False
ibm_phoenix,dao2psf8gn2s739nabmg,2026-09-21T01:50:05.940136+00:00,2026-09-20T18:58:57.540757+00:00,data/calibrations/ibm_phoenix_properties_2026-09-20T185845Z.json,85,20 21 22 23 25 26 28 29 30 31 32 33 34 35 36 37 38 39 40 41 42 43 44 45 46 47 48 50 51 52 53 54 56 57 58 60 64 65 66 68 69 70 71 74 75 76 78 79 80 81 82 83 84 85 86 87 88 89 90 91 92 93 94 95 96 97 98 99 100 101 102 103 104 105 106 108 109 111 112 113 115 116 117 118 119,75_85,8,1,1,16384,24292087,ee490a43eaca4390cdbb41d68dd9049beb79b6cf7a163a93096a1f2935f25726,grid,,,,default,default,-0.000251035521526296,0.011673151750972763,0.007684183584241353,0.008980209285012423,0.008033136456291999,0.008032633843013781,-0.0059620936362495295,64,1032,False
ibm_phoenix,dao2psf8gn2s739nabmg,2026-09-21T01:50:05.940164+00:00,2026-09-20T18:58:57.540757+00:00,data/calibrations/ibm_phoenix_properties_2026-09-20T185845Z.json,85,20 21 22 23 25 26 28 29 30 31 32 33 34 35 36 37 38 39 40 41 42 43 44 45 46 47 48 50 51 52 53 54 56 57 58 60 64 65 66 68 69 70 71 74 75 76 78 79 80 81 82 83 84 85 86 87 88 89 90 91 92 93 94 95 96 97 98 99 100 101 102 103 104 105 106 108 109 111 112 113 115 116 117 118 119,75_85,8,1,1,16384,24292088,6ab5e404479d48cf0328ea2eb855e0a359fdadbf13000a82217b1a3d3172d94b,grid,,,,default,default,-0.03589807957826032,0.012175222794025355,0.007595658300441177,0.009856929170592974,0.00802837987637787,0.008032589655727158,-0.024036651186142836,64,1032,False
ibm_phoenix,dao2psf8gn2s739nabmg,2026-09-21T01:50:05.940193+00:00,2026-09-20T18:58:57.540757+00:00,data/calibrations/ibm_phoenix_properties_2026-09-20T185845Z.json,85,20 21 22 23 25 26 28 29 30 31 32 33 34 35 36 37 38 39 40 41 42 43 44 45 46 47 48 50 51 52 53 54 56 57 58 60 64 65 66 68 69 70 71 74 75 76 78 79 80 81 82 83 84 85 86 87 88 89 90 91 92 93 94 95 96 97 98 99 100 101 102 103 104 105 106 108 109 111 112 113 115 116 117 118 119,75_85,8,1,1,16384,24292089,414ce66dc4902536ec559dc64aaa4efc297a97b9ae6795c674244bcaff39a228,grid,,,,default,default,0.020835948286682567,0.010920045186393874,0.008846040104058666,0.007498025911414967,0.0080315344957719,0.008032696635055578,0.004957951550144346,64,1032,False
ibm_phoenix,dao2psf8gn2s739nabmg,2026-09-21T01:50:05.940222+00:00,2026-09-20T18:58:57.540757+00:00,data/calibrations/ibm_phoenix_properties_2026-09-20T185845Z.json,85,20 21 22 23 25 26 28 29 30 31 32 33 34 35 36 37 38 39 40 41 42 43 44 45 46 47 48 50 51 52 53 54 56 57 58 60 64 65 66 68 69 70 71 74 75 76 78 79 80 81 82 83 84 85 86 87 88 89 90 91 92 93 94 95 96 97 98 99 100 101 102 103 104 105 106 108 109 111 112 113 115 116 117 118 119,75_85,8,1,1,16384,24292090,651b392f381873c2867ed11019a271880fae100307fc34e9642c5a81b2a381d7,grid,,,,default,default,-0.005397263712815363,0.009790385339525544,0.006802578587896637,0.007299357613878925,0.00803302919213015,0.008032782973311595,-0.0075938245261704534,64,1032,False
ibm_phoenix,dao2psf8gn2s739nabmg,2026-09-21T01:50:05.940252+00:00,2026-09-20T18:58:57.540757+00:00,data/calibrations/ibm_phoenix_properties_2026-09-20T185845Z.json,85,20 21 22 23 25 26 28 29 30 31 32 33 34 35 36 37 38 39 40 41 42 43 44 45 46 47 48 50 51 52 53 54 56 57 58 60 64 65 66 68 69 70 71 74 75 76 78 79 80 81 82 83 84 85 86 87 88 89 90 91 92 93 94 95 96 97 98 99 100 101 102 103 104 105 106 108 109 111 112 113 115 116 117 118 119,75_85,8,1,1,16384,24292091,251730f52610994cf85667c27208004404571dfefbae41a7e059abec50550ee0,grid,,,,default,default,0.01066900966486758,-0.0046441571482364755,0.008262493342907478,0.007778275116649493,0.008032716635380634,0.008033057098391397,0.007656583406552028,64,1032,False
ibm_phoenix,dao2psf8gn2s739nabmg,2026-09-21T01:50:05.940280+00:00,2026-09-20T18:58:57.540757+00:00,data/calibrations/ibm_phoenix_properties_2026-09-20T185845Z.json,85,20 21 22 23 25 26 28 29 30 31 32 33 34 35 36 37 38 39 40 41 42 43 44 45 46 47 48 50 51 52 53 54 56 57 58 60 64 65 66 68 69 70 71 74 75 76 78 79 80 81 82 83 84 85 86 87 88 89 90 91 92 93 94 95 96 97 98 99 100 101 102 103 104 105 106 108 109 111 112 113 115 116 117 118 119,75_85,8,1,1,16384,24292092,7558c6de3542de0b02f0fb8536035d7284a027bde8a799b513fa4abf5d9f32f3,grid,,,,default,default,-0.0031379440190786997,0.006777959081209991,0.007714462739335297,0.008198990861324784,0.008033100352904748,0.00803296715848964,-0.004957951550144345,64,1032,False
ibm_phoenix,dao2psf8gn2s739nabmg,2026-09-21T01:50:05.940309+00:00,2026-09-20T18:58:57.540757+00:00,data/calibrations/ibm_phoenix_properties_2026-09-20T185845Z.json,85,20 21 22 23 25 26 28 29 30 31 32 33 34 35 36 37 38 39 40 41 42 43 44 45 46 47 48 50 51 52 53 54 56 57 58 60 64 65 66 68 69 70 71 74 75 76 78 79 80 81 82 83 84 85 86 87 88 89 90 91 92 93 94 95 96 97 98 99 100 101 102 103 104 105 106 108 109 111 112 113 115 116 117 118 119,75_85,8,1,1,16384,24292093,2691004cd841539bd5dff60450f84359e10d4099631b16600eebe03a2699320a,grid,,,,default,default,-0.0026358729760261076,0.001631730889920924,0.007088386498430225,0.00779395462651236,0.008033111050221592,0.008033126863620395,-0.0021338019329735156,64,1032,False
ibm_phoenix,dao2psf8gn2s739nabmg,2026-09-21T01:50:05.940339+00:00,2026-09-20T18:58:57.540757+00:00,data/calibrations/ibm_phoenix_properties_2026-09-20T185845Z.json,85,20 21 22 23 25 26 28 29 30 31 32 33 34 35 36 37 38 39 40 41 42 43 44 45 46 47 48 50 51 52 53 54 56 57 58 60 64 65 66 68 69 70 71 74 75 76 78 79 80 81 82 83 84 85 86 87 88 89 90 91 92 93 94 95 96 97 98 99 100 101 102 103 104 105 106 108 109 111 112 113 115 116 117 118 119,75_85,8,1,1,16384,24292094,5d5067f6ccb4d7071958c312c8fdc66a6379575266ab3b7a5d41c6d453c95391,grid,,,,default,default,0.01983180620057738,-0.0071545123634994354,0.007516322373447002,0.007075322088922736,0.008031685216474866,0.008032947798314436,0.013493159282038408,64,1032,False
ibm_phoenix,dao2psf8gn2s739nabmg,2026-09-21T01:50:05.940368+00:00,2026-09-20T18:58:57.540757+00:00,data/calibrations/ibm_phoenix_properties_2026-09-20T185845Z.json,85,20 21 22 23 25 26 28 29 30 31 32 33 34 35 36 37 38 39 40 41 42 43 44 45 46 47 48 50 51 52 53 54 56 57 58 60 64 65 66 68 69 70 71 74 75 76 78 79 80 81 82 83 84 85 86 87 88 89 90 91 92 93 94 95 96 97 98 99 100 101 102 103 104 105 106 108 109 111 112 113 115 116 117 118 119,75_85,8,1,1,16384,24292095,22d25a11ee76392f0776b7024b7b5967f23444ac09a84128d4b1abe2027a2f90,grid,,,,default,default,-0.007656583406552027,-0.003263461779841848,0.009433664106051504,0.008594875004478595,0.008032920356784956,0.008033097387885059,-0.0021965608133550896,64,1032,False
ibm_phoenix,dao2psf8gn2s739nabmg,2026-09-21T01:50:05.940398+00:00,2026-09-20T18:58:57.540757+00:00,data/calibrations/ibm_phoenix_properties_2026-09-20T185845Z.json,85,20 21 22 23 25 26 28 29 30 31 32 33 34 35 36 37 38 39 40 41 42 43 44 45 46 47 48 50 51 52 53 54 56 57 58 60 64 65 66 68 69 70 71 74 75 76 78 79 80 81 82 83 84 85 86 87 88 89 90 91 92 93 94 95 96 97 98 99 100 101 102 103 104 105 106 108 109 111 112 113 115 116 117 118 119,75_85,8,1,1,16384,24292096,4651117446aac0b7bd59451d6a5d03e7035fcc7998b02bdce9d346ad1e224b1a,grid,,,,default,default,0.0021338019329735156,0.0008786243253420359,0.007856619032038095,0.007710376168537027,0.008033119887124759,0.00803313384010997,0.0006275888038157398,64,1032,False
ibm_phoenix,dao2psf8gn2s739nabmg,2026-09-21T01:50:05.940428+00:00,2026-09-20T18:58:57.540757+00:00,data/calibrations/ibm_phoenix_properties_2026-09-20T185845Z.json,85,20 21 22 23 25 26 28 29 30 31 32 33 34 35 36 37 38 39 40 41 42 43 44 45 46 47 48 50 51 52 53 54 56 57 58 60 64 65 66 68 69 70 71 74 75 76 78 79 80 81 82 83 84 85 86 87 88 89 90 91 92 93 94 95 96 97 98 99 100 101 102 103 104 105 106 108 109 111 112 113 115 116 117 118 119,75_85,8,1,1,16384,24292097,7849baaced651727ebc7e516ccf1a8a88a31fefa2e868c2db3b0fb608e36071a,grid,,,,default,default,-0.006024852516631103,-0.008033136688841471,0.007526884772655774,0.006205209086676926,0.008033002739230502,0.008032898554655514,0.0010041420861051841,64,1032,False
ibm_phoenix,dao2psf8gn2s739nabmg,2026-09-21T01:50:05.940458+00:00,2026-09-20T18:58:57.540757+00:00,data/calibrations/ibm_phoenix_properties_2026-09-20T185845Z.json,85,20 21 22 23 25 26 28 29 30 31 32 33 34 35 36 37 38 39 40 41 42 43 44 45 46 47 48 50 51 52 53 54 56 57 58 60 64 65 66 68 69 70 71 74 75 76 78 79 80 81 82 83 84 85 86 87 88 89 90 91 92 93 94 95 96 97 98 99 100 101 102 103 104 105 106 108 109 111 112 113 115 116 117 118 119,75_85,8,1,1,16384,24292098,80c434faf9c4ed77ddd45e54aeb88407a58361aa5c17da46b5250493df8b796d,grid,,,,default,default,0.029120120497050334,-0.0033889795406049955,0.007067100362419288,0.007334169376472856,0.008030006893484827,0.008033094306588929,0.016254550018827665,64,1032,False
ibm_phoenix,dao2psf8gn2s739nabmg,2026-09-21T01:50:05.940506+00:00,2026-09-20T18:58:57.540757+00:00,data/calibrations/ibm_phoenix_properties_2026-09-20T185845Z.json,85,20 21 22 23 25 26 28 29 30 31 32 33 34 35 36 37 38 39 40 41 42 43 44 45 46 47 48 50 51 52 53 54 56 57 58 60 64 65 66 68 69 70 71 74 75 76 78 79 80 81 82 83 84 85 86 87 88 89 90 91 92 93 94 95 96 97 98 99 100 101 102 103 104 105 106 108 109 111 112 113 115 116 117 118 119,75_85,8,1,1,16384,24292099,a39fb5d02bbceb51cb2c9494ca09779e11ba0d926734b018310874b5af2e7cbb,grid,,,,default,default,-0.007656583406552027,-0.012928329358604242,0.007481453731607467,0.006645910356478128,0.008032920356784956,0.008032519885832326,0.0026358729760261076,64,1032,False
ibm_phoenix,dao2psf8gn2s739nabmg,2026-09-21T01:50:05.940539+00:00,2026-09-20T18:58:57.540757+00:00,data/calibrations/ibm_phoenix_properties_2026-09-20T185845Z.json,85,20 21 22 23 25 26 28 29 30 31 32 33 34 35 36 37 38 39 40 41 42 43 44 45 46 47 48 50 51 52 53 54 56 57 58 60 64 65 66 68 69 70 71 74 75 76 78 79 80 81 82 83 84 85 86 87 88 89 90 91 92 93 94 95 96 97 98 99 100 101 102 103 104 105 106 108 109 111 112 113 115 116 117 118 119,75_85,8,1,1,16384,24292100,11e4524912619d61c1dd227d5156a8d63dc2e36665ef656b8fc8504973d7001e,grid,,,,default,default,0.006150370277394251,-0.0022593196937366637,0.00763285562295274,0.009717600575084008,0.008032997099809864,0.008033117852312392,0.0042048449855654575,64,1032,False
ibm_phoenix,dao2psf8gn2s739nabmg,2026-09-21T01:50:05.940570+00:00,2026-09-20T18:58:57.540757+00:00,data/calibrations/ibm_phoenix_properties_2026-09-20T185845Z.json,85,20 21 22 23 25 26 28 29 30 31 32 33 34 35 36 37 38 39 40 41 42 43 44 45 46 47 48 50 51 52 53 54 56 57 58 60 64 65 66 68 69 70 71 74 75 76 78 79 80 81 82 83 84 85 86 87 88 89 90 91 92 93 94 95 96 97 98 99 100 101 102 103 104 105 106 108 109 111 112 113 115 116 117 118 119,75_85,8,1,1,16384,24292101,dd010944b189e66a1231c2ec3cbcdd827b763e718767f40724b9cc9ad0197294,grid,,,,default,default,-0.02246767917660349,0.0064014057989205475,0.007177349610988373,0.007514021230299128,0.00803127369342961,0.008032985472125944,-0.014434542487762018,64,1032,False
ibm_phoenix,dao2psf8gn2s739nabmg,2026-09-21T01:50:05.940601+00:00,2026-09-20T18:58:57.540757+00:00,data/calibrations/ibm_phoenix_properties_2026-09-20T185845Z.json,85,20 21 22 23 25 26 28 29 30 31 32 33 34 35 36 37 38 39 40 41 42 43 44 45 46 47 48 50 51 52 53 54 56 57 58 60 64 65 66 68 69 70 71 74 75 76 78 79 80 81 82 83 84 85 86 87 88 89 90 91 92 93 94 95 96 97 98 99 100 101 102 103 104 105 106 108 109 111 112 113 115 116 117 118 119,75_85,8,1,1,16384,24292102,7a43edfd52fe818c68e44dab22163a139ce0842ff430c96d18286cdcf37b3648,grid,,,,default,default,0.011547633990209614,-0.0030124262583155516,0.007981503365796772,0.006115692380182864,0.008032644599092816,0.008033103201648127,0.007280030124262583,64,1032,False
ibm_phoenix,dao2psf8gn2s739nabmg,2026-09-21T01:50:05.940631+00:00,2026-09-20T18:58:57.540757+00:00,data/calibrations/ibm_phoenix_properties_2026-09-20T185845Z.json,85,20 21 22 23 25 26 28 29 30 31 32 33 34 35 36 37 38 39 40 41 42 43 44 45 46 47 48 50 51 52 53 54 56 57 58 60 64 65 66 68 69 70 71 74 75 76 78 79 80 81 82 83 84 85 86 87 88 89 90 91 92 93 94 95 96 97 98 99 100 101 102 103 104 105 106 108 109 111 112 113 115 116 117 118 119,75_85,8,1,1,16384,24292103,58ce901635a450deb130ce189b3dbcc7fdf2451733c4b09df5aa93142e3c4fbb,grid,,,,default,default,-0.0025103552152629595,0.004518639387473327,0.009847746836387738,0.007586821623421949,0.008033113433860904,0.008033061342460136,-0.0035144973013681432,64,1032,False
ibm_phoenix,dao2psf8gn2s739nabmg,2026-09-21T01:50:05.940666+00:00,2026-09-20T18:58:57.540757+00:00,data/calibrations/ibm_phoenix_properties_2026-09-20T185845Z.json,85,20 21 22 23 25 26 28 29 30 31 32 33 34 35 36 37 38 39 40 41 42 43 44 45 46 47 48 50 51 52 53 54 56 57 58 60 64 65 66 68 69 70 71 74 75 76 78 79 80 81 82 83 84 85 86 87 88 89 90 91 92 93 94 95 96 97 98 99 100 101 102 103 104 105 106 108 109 111 112 113 115 116 117 118 119,75_85,8,1,1,16384,24292104,51bb5df876ae651f032951e3e35703c4088263adc6acf2b14356cf1195fe9950,grid,,,,default,default,0.012175222794025355,-0.026107694238734783,0.008051732193150321,0.008759373308714132,0.008032589655727158,0.008030621039884901,0.01914145851638007,64,1032,False
ibm_phoenix,dao2psf8gn2s739nabmg,2026-09-21T01:50:05.940697+00:00,2026-09-20T18:58:57.540757+00:00,data/calibrations/ibm_phoenix_properties_2026-09-20T185845Z.json,85,20 21 22 23 25 26 28 29 30 31 32 33 34 35 36 37 38 39 40 41 42 43 44 45 46 47 48 50 51 52 53 54 56 57 58 60 64 65 66 68 69 70 71 74 75 76 78 79 80 81 82 83 84 85 86 87 88 89 90 91 92 93 94 95 96 97 98 99 100 101 102 103 104 105 106 108 109 111 112 113 115 116 117 118 119,75_85,8,1,1,16384,24292105,6af04601feb7e82e2408aa942ce0f0e1ec07442b8eb5f9e1a993df724819f3a9,grid,,,,default,default,0.012049705033262206,0.0,0.00687949107455981,0.00997846462374886,0.00803260087699534,0.008033136688841471,0.006024852516631103,64,1032,False
ibm_phoenix,dao2psf8gn2s739nabmg,2026-09-21T01:50:05.940728+00:00,2026-09-20T18:58:57.540757+00:00,data/calibrations/ibm_phoenix_properties_2026-09-20T185845Z.json,85,20 21 22 23 25 26 28 29 30 31 32 33 34 35 36 37 38 39 40 41 42 43 44 45 46 47 48 50 51 52 53 54 56 57 58 60 64 65 66 68 69 70 71 74 75 76 78 79 80 81 82 83 84 85 86 87 88 89 90 91 92 93 94 95 96 97 98 99 100 101 102 103 104 105 106 108 109 111 112 113 115 116 117 118 119,75_85,8,1,1,16384,24292106,8140e1a18fa7b1e256221f87f617d16947ae5ad8507701a50a604b5c84d58c56,grid,,,,default,default,0.010292456382578134,-0.008660725492657211,0.0075099980983961544,0.008251995309710882,0.008032745763671948,0.008032859892067128,0.009476590937617673,64,1032,False
ibm_phoenix,dao2psf8gn2s739nabmg,2026-09-21T01:50:05.940758+00:00,2026-09-20T18:58:57.540757+00:00,data/calibrations/ibm_phoenix_properties_2026-09-20T185845Z.json,85,20 21 22 23 25 26 28 29 30 31 32 33 34 35 36 37 38 39 40 41 42 43 44 45 46 47 48 50 51 52 53 54 56 57 58 60 64 65 66 68 69 70 71 74 75 76 78 79 80 81 82 83 84 85 86 87 88 89 90 91 92 93 94 95 96 97 98 99 100 101 102 103 104 105 106 108 109 111 112 113 115 116 117 118 119,75_85,8,1,1,16384,24292107,3567d9ad9d467fe4216b822e96461bd2c09d58b1dace9a19b52bb58dd22b0b21,grid,,,,default,default,0.004393121626710179,-0.03050081586544496,0.006046675170107517,0.00848320119859504,0.008033065470250868,0.008029703001593254,0.017446968746077568,64,1032,False
ibm_phoenix,dao2psf8gn2s739nabmg,2026-09-21T01:50:05.940788+00:00,2026-09-20T18:58:57.540757+00:00,data/calibrations/ibm_phoenix_properties_2026-09-20T185845Z.json,85,20 21 22 23 25 26 28 29 30 31 32 33 34 35 36 37 38 39 40 41 42 43 44 45 46 47 48 50 51 52 53 54 56 57 58 60 64 65 66 68 69 70 71 74 75 76 78 79 80 81 82 83 84 85 86 87 88 89 90 91 92 93 94 95 96 97 98 99 100 101 102 103 104 105 106 108 109 111 112 113 115 116 117 118 119,75_85,8,1,1,16384,24292108,d8f57b55e07024f7b6a0e4d682fbcec83f7c4ff244c5149633ef5fdcdb775fbe,grid,,,,default,default,-0.005146228191289067,-0.010041420861051838,0.009115797426159842,0.006563044161022406,0.008033038959332613,0.008032764601073562,0.0024475963348813854,64,1032,False
ibm_phoenix,dao2psf8gn2s739nabmg,2026-09-21T01:50:05.940817+00:00,2026-09-20T18:58:57.540757+00:00,data/calibrations/ibm_phoenix_properties_2026-09-20T185845Z.json,85,20 21 22 23 25 26 28 29 30 31 32 33 34 35 36 37 38 39 40 41 42 43 44 45 46 47 48 50 51 52 53 54 56 57 58 60 64 65 66 68 69 70 71 74 75 76 78 79 80 81 82 83 84 85 86 87 88 89 90 91 92 93 94 95 96 97 98 99 100 101 102 103 104 105 106 108 109 111 112 113 115 116 117 118 119,75_85,8,1,1,16384,24292109,0c607a947de6f5616300f2a8e54cb2ae53b66e856625ca181956bd4b98a62be7,grid,,,,default,default,0.01129659846868332,0.013304882640893686,0.006527996599238555,0.00886380675732272,0.008032665762363033,0.00803248343082123,-0.0010041420861051833,64,1032,False
ibm_phoenix,dao2psf8gn2s739nabmg,2026-09-21T01:50:05.940847+00:00,2026-09-20T18:58:57.540757+00:00,data/calibrations/ibm_phoenix_properties_2026-09-20T185845Z.json,85,20 21 22 23 25 26 28 29 30 31 32 33 34 35 36 37 38 39 40 41 42 43 44 45 46 47 48 50 51 52 53 54 56 57 58 60 64 65 66 68 69 70 71 74 75 76 78 79 80 81 82 83 84 85 86 87 88 89 90 91 92 93 94 95 96 97 98 99 100 101 102 103 104 105 106 108 109 111 112 113 115 116 117 118 119,75_85,8,1,1,16384,24292110,89b7a282a93b9591f73b6c18d701d26a9488a26b918cc03dc6f299f703103775,grid,,,,default,default,0.00037655328228944395,0.005020710430525919,0.007364715187936692,0.009532743642226924,0.00803313616560515,0.008033043668515273,-0.0023220785741182373,64,1032,False
ibm_phoenix,dao2psf8gn2s739nabmg,2026-09-21T01:50:05.940876+00:00,2026-09-20T18:58:57.540757+00:00,data/calibrations/ibm_phoenix_properties_2026-09-20T185845Z.json,85,20 21 22 23 25 26 28 29 30 31 32 33 34 35 36 37 38 39 40 41 42 43 44 45 46 47 48 50 51 52 53 54 56 57 58 60 64 65 66 68 69 70 71 74 75 76 78 79 80 81 82 83 84 85 86 87 88 89 90 91 92 93 94 95 96 97 98 99 100 101 102 103 104 105 106 108 109 111 112 113 115 116 117 118 119,75_85,8,1,1,16384,24292111,60c97042c13eaa937da73fe802ea2fd5b4113cc2968f32d8b20663a64b079a80,grid,,,,default,default,-0.03388979540604996,0.033262206602234216,0.007171011513641554,0.007925123733130535,0.008028897356154594,0.008029052954218982,-0.033576001004142084,64,1032,False
ibm_phoenix,dao2psf8gn2s739nabmg,2026-09-21T01:50:05.940906+00:00,2026-09-20T18:58:57.540757+00:00,data/calibrations/ibm_phoenix_properties_2026-09-20T185845Z.json,85,20 21 22 23 25 26 28 29 30 31 32 33 34 35 36 37 38 39 40 41 42 43 44 45 46 47 48 50 51 52 53 54 56 57 58 60 64 65 66 68 69 70 71 74 75 76 78 79 80 81 82 83 84 85 86 87 88 89 90 91 92 93 94 95 96 97 98 99 100 101 102 103 104 105 106 108 109 111 112 113 115 116 117 118 119,75_85,8,1,1,16384,24292112,a8ed36bc1ac6845c8add9789eef7cceaf911a57938d9aad70432691f100bad39,grid,,,,default,default,0.0685326973766788,0.014811095770051462,0.007881072315209577,0.007496363019505198,0.008015786272262054,0.008032327143348334,0.02686080080331367,64,1032,False
ibm_phoenix,dao2psf8gn2s739nabmg,2026-09-21T01:50:05.940935+00:00,2026-09-20T18:58:57.540757+00:00,data/calibrations/ibm_phoenix_properties_2026-09-20T185845Z.json,85,20 21 22 23 25 26 28 29 30 31 32 33 34 35 36 37 38 39 40 41 42 43 44 45 46 47 48 50 51 52 53 54 56 57 58 60 64 65 66 68 69 70 71 74 75 76 78 79 80 81 82 83 84 85 86 87 88 89 90 91 92 93 94 95 96 97 98 99 100 101 102 103 104 105 106 108 109 111 112 113 115 116 117 118 119,75_85,8,1,1,16384,24292113,4fd274730826b6bfbea24cd3acd753263550897f9844bd2abe38c0a03e04c260,grid,,,,default,default,0.021840090372787748,-0.023471821262708675,0.008730414827809592,0.006966269508108055,0.008031376329029793,0.008031103425926396,0.02265595581774821,64,1032,False
ibm_phoenix,dao2psf8gn2s739nabmg,2026-09-21T01:50:05.940966+00:00,2026-09-20T18:58:57.540757+00:00,data/calibrations/ibm_phoenix_properties_2026-09-20T185845Z.json,85,20 21 22 23 25 26 28 29 30 31 32 33 34 35 36 37 38 39 40 41 42 43 44 45 46 47 48 50 51 52 53 54 56 57 58 60 64 65 66 68 69 70 71 74 75 76 78 79 80 81 82 83 84 85 86 87 88 89 90 91 92 93 94 95 96 97 98 99 100 101 102 103 104 105 106 108 109 111 112 113 115 116 117 118 119,75_85,8,1,1,16384,24292114,4d3cd2a96c122ec43e198831bc95a534c96d7d4cb140c25fb08bfb92d7c42fb5,grid,,,,default,default,-0.000251035521526296,-0.009162796535709804,0.007769818070634077,0.007897130308044183,0.008033136456291999,0.008032826868836765,0.004455880507091754,64,1032,False
ibm_phoenix,dao2psf8gn2s739nabmg,2026-09-21T01:50:05.940995+00:00,2026-09-20T18:58:57.540757+00:00,data/calibrations/ibm_phoenix_properties_2026-09-20T185845Z.json,85,20 21 22 23 25 26 28 29 30 31 32 33 34 35 36 37 38 39 40 41 42 43 44 45 46 47 48 50 51 52 53 54 56 57 58 60 64 65 66 68 69 70 71 74 75 76 78 79 80 81 82 83 84 85 86 87 88 89 90 91 92 93 94 95 96 97 98 99 100 101 102 103 104 105 106 108 109 111 112 113 115 116 117 118 119,75_85,8,1,1,16384,24292115,408e3f0c2789e58b21662db18850bed2f8856d89ad093befe550a8609f9cb7c2,grid,,,,default,default,-0.017070415463788124,-0.03991464792268106,0.008902061107819409,0.007020081416930729,0.008032061308116876,0.008027255452822643,0.011422116229446468,64,1032,False
ibm_phoenix,dao2psf8gn2s739nabmg,2026-09-21T01:50:05.941025+00:00,2026-09-20T18:58:57.540757+00:00,data/calibrations/ibm_phoenix_properties_2026-09-20T185845Z.json,85,20 21 22 23 25 26 28 29 30 31 32 33 34 35 36 37 38 39 40 41 42 43 44 45 46 47 48 50 51 52 53 54 56 57 58 60 64 65 66 68 69 70 71 74 75 76 78 79 80 81 82 83 84 85 86 87 88 89 90 91 92 93 94 95 96 97 98 99 100 101 102 103 104 105 106 108 109 111 112 113 115 116 117 118 119,75_85,8,1,1,16384,24292116,9084c9e3e90b3e782d4ede5e945290965f0b879d4802eed118615aec534296f2,grid,,,,default,default,0.004016568344420736,0.02497803439186645,0.006995294995816591,0.007301140575826211,0.00803307715595679,0.008030834060946243,-0.010480733023722856,64,1032,False
ibm_phoenix,dao2psf8gn2s739nabmg,2026-09-21T01:50:05.941055+00:00,2026-09-20T18:58:57.540757+00:00,data/calibrations/ibm_phoenix_properties_2026-09-20T185845Z.json,85,20 21 22 23 25 26 28 29 30 31 32 33 34 35 36 37 38 39 40 41 42 43 44 45 46 47 48 50 51 52 53 54 56 57 58 60 64 65 66 68 69 70 71 74 75 76 78 79 80 81 82 83 84 85 86 87 88 89 90 91 92 93 94 95 96 97 98 99 100 101 102 103 104 105 106 108 109 111 112 113 115 116 117 118 119,75_85,8,1,1,16384,24292117,39e66578fc1c8762d8de5707ce565b342d2ee362f8578040878ef8aa56e9f166,grid,,,,default,default,-0.000251035521526296,-0.0055227814735785115,0.007678030288213399,0.007378377039330163,0.008033136456291999,0.008033024134109917,0.0026358729760261076,64,1032,False
ibm_phoenix,dao2psf8gn2s739nabmg,2026-09-21T01:50:05.941085+00:00,2026-09-20T18:58:57.540757+00:00,data/calibrations/ibm_phoenix_properties_2026-09-20T185845Z.json,85,20 21 22 23 25 26 28 29 30 31 32 33 34 35 36 37 38 39 40 41 42 43 44 45 46 47 48 50 51 52 53 54 56 57 58 60 64 65 66 68 69 70 71 74 75 76 78 79 80 81 82 83 84 85 86 87 88 89 90 91 92 93 94 95 96 97 98 99 100 101 102 103 104 105 106 108 109 111 112 113 115 116 117 118 119,75_85,8,1,1,16384,24292118,36cbb9f668f9f0eeb209fe8e14045482d799d8810e5f6e8a8bb67e81ae8c090f,grid,,,,default,default,-0.007531065645788879,0.010794527425630727,0.007207721530088174,0.009197024683810093,0.008032927391592762,0.00803270669336481,-0.009162796535709804,64,1032,False
ibm_phoenix,dao2psf8gn2s739nabmg,2026-09-21T01:50:05.941114+00:00,2026-09-20T18:58:57.540757+00:00,data/calibrations/ibm_phoenix_properties_2026-09-20T185845Z.json,85,20 21 22 23 25 26 28 29 30 31 32 33 34 35 36 37 38 39 40 41 42 43 44 45 46 47 48 50 51 52 53 54 56 57 58 60 64 65 66 68 69 70 71 74 75 76 78 79 80 81 82 83 84 85 86 87 88 89 90 91 92 93 94 95 96 97 98 99 100 101 102 103 104 105 106 108 109 111 112 113 115 116 117 118 119,75_85,8,1,1,16384,24292119,972fa983fa5941d95fdcfc5c3ca753299d127c195cc27534b346fdb87bfd564a,grid,,,,default,default,-0.004393121626710179,0.009037278774946655,0.007839306070989104,0.00784060038686086,0.008033065470250868,0.00803283529907573,-0.006715200200828417,64,1032,False
ibm_phoenix,dao2psf8gn2s739nabmg,2026-09-21T01:50:05.941143+00:00,2026-09-20T18:58:57.540757+00:00,data/calibrations/ibm_phoenix_properties_2026-09-20T185845Z.json,85,20 21 22 23 25 26 28 29 30 31 32 33 34 35 36 37 38 39 40 41 42 43 44 45 46 47 48 50 51 52 53 54 56 57 58 60 64 65 66 68 69 70 71 74 75 76 78 79 80 81 82 83 84 85 86 87 88 89 90 91 92 93 94 95 96 97 98 99 100 101 102 103 104 105 106 108 109 111 112 113 115 116 117 118 119,75_85,8,1,1,16384,24292120,9784c9dc66147f5f18c47470fa3d84582ea7182558365ff9ca3939e60d17901c,grid,,,,default,default,-0.005146228191289067,0.014183506966235722,0.006973267600386327,0.007124712581080672,0.008033038959332613,0.00803239429849444,-0.009664867578762395,64,1032,False
ibm_phoenix,dao2psf8gn2s739nabmg,2026-09-21T01:50:05.941172+00:00,2026-09-20T18:58:57.540757+00:00,data/calibrations/ibm_phoenix_properties_2026-09-20T185845Z.json,85,20 21 22 23 25 26 28 29 30 31 32 33 34 35 36 37 38 39 40 41 42 43 44 45 46 47 48 50 51 52 53 54 56 57 58 60 64 65 66 68 69 70 71 74 75 76 78 79 80 81 82 83 84 85 86 87 88 89 90 91 92 93 94 95 96 97 98 99 100 101 102 103 104 105 106 108 109 111 112 113 115 116 117 118 119,75_85,8,1,1,16384,24292121,0baeadfd6997d5778fd325ee52a92ce0651cfd252feca41b8a52aa249ef508cc,grid,,,,default,default,0.015062131291577758,-0.02108698380820886,0.008981341932391728,0.007329688430371384,0.008032299467124745,0.008031495652169374,0.01807455754989331,64,1032,False
ibm_phoenix,dao2psf8gn2s739nabmg,2026-09-21T01:50:05.941201+00:00,2026-09-20T18:58:57.540757+00:00,data/calibrations/ibm_phoenix_properties_2026-09-20T185845Z.json,85,20 21 22 23 25 26 28 29 30 31 32 33 34 35 36 37 38 39 40 41 42 43 44 45 46 47 48 50 51 52 53 54 56 57 58 60 64 65 66 68 69 70 71 74 75 76 78 79 80 81 82 83 84 85 86 87 88 89 90 91 92 93 94 95 96 97 98 99 100 101 102 103 104 105 106 108 109 111 112 113 115 116 117 118 119,75_85,8,1,1,16384,24292122,ff777142c0815618518b71975bf4c89991254a59a997825f5e1eb76ba08cf056,grid,,,,default,default,-0.015313166813104054,0.0017572486506840718,0.0075778857344028115,0.006712413999669558,0.00803227132565676,0.008033125293909404,-0.008535207731894062,64,1032,False
ibm_phoenix,dao2psf8gn2s739nabmg,2026-09-21T01:50:05.941230+00:00,2026-09-20T18:58:57.540757+00:00,data/calibrations/ibm_phoenix_properties_2026-09-20T185845Z.json,85,20 21 22 23 25 26 28 29 30 31 32 33 34 35 36 37 38 39 40 41 42 43 44 45 46 47 48 50 51 52 53 54 56 57 58 60 64 65 66 68 69 70 71 74 75 76 78 79 80 81 82 83 84 85 86 87 88 89 90 91 92 93 94 95 96 97 98 99 100 101 102 103 104 105 106 108 109 111 112 113 115 116 117 118 119,75_85,8,1,1,16384,24292123,f94be4b515d61873257dbe9df2eedde82b5646684c446c3de58794d2ee62b019,grid,,,,default,default,0.009037278774946655,0.012049705033262206,0.008805953489473894,0.005792907941577754,0.00803283529907573,0.00803260087699534,-0.0015062131291577758,64,1032,False
ibm_phoenix,dao2psf8gn2s739nabmg,2026-09-21T01:50:05.941259+00:00,2026-09-20T18:58:57.540757+00:00,data/calibrations/ibm_phoenix_properties_2026-09-20T185845Z.json,85,20 21 22 23 25 26 28 29 30 31 32 33 34 35 36 37 38 39 40 41 42 43 44 45 46 47 48 50 51 52 53 54 56 57 58 60 64 65 66 68 69 70 71 74 75 76 78 79 80 81 82 83 84 85 86 87 88 89 90 91 92 93 94 95 96 97 98 99 100 101 102 103 104 105 106 108 109 111 112 113 115 116 117 118 119,75_85,8,1,1,16384,24292124,c630d6571e5a0eb52a11ea0f20fb85bb6b2353570ffe028c1c427980d289d2eb,grid,,,,default,default,0.0006275888038157399,0.006024852516631103,0.008017646584895004,0.007634951475982335,0.00803313523540716,0.008033002739230502,-0.0026986318564076817,64,1032,False
ibm_phoenix,dao2psf8gn2s739nabmg,2026-09-21T01:50:05.941289+00:00,2026-09-20T18:58:57.540757+00:00,data/calibrations/ibm_phoenix_properties_2026-09-20T185845Z.json,85,20 21 22 23 25 26 28 29 30 31 32 33 34 35 36 37 38 39 40 41 42 43 44 45 46 47 48 50 51 52 53 54 56 57 58 60 64 65 66 68 69 70 71 74 75 76 78 79 80 81 82 83 84 85 86 87 88 89 90 91 92 93 94 95 96 97 98 99 100 101 102 103 104 105 106 108 109 111 112 113 115 116 117 118 119,75_85,8,1,1,16384,24292125,e7714f54ca98abefb920fa3fd919e5c3c8382bbf5153917f0e319611982c9319,grid,,,,default,default,-0.010417974143341283,-0.004393121626710179,0.008595658234553757,0.006792727231320837,0.00803273617053378,0.008033065470250868,-0.003012426258315552,64,1032,False
ibm_phoenix,dao2psf8gn2s739nabmg,2026-09-21T01:50:05.941318+00:00,2026-09-20T18:58:57.540757+00:00,data/calibrations/ibm_phoenix_properties_2026-09-20T185845Z.json,85,20 21 22 23 25 26 28 29 30 31 32 33 34 35 36 37 38 39 40 41 42 43 44 45 46 47 48 50 51 52 53 54 56 57 58 60 64 65 66 68 69 70 71 74 75 76 78 79 80 81 82 83 84 85 86 87 88 89 90 91 92 93 94 95 96 97 98 99 100 101 102 103 104 105 106 108 109 111 112 113 115 116 117 118 119,75_85,8,1,1,16384,24292126,b140760b8fb46eb4c37d43190d6973e453b730ec74c3f28e8d122189f53d70b7,grid,,,,default,default,-0.013430400401656835,0.0037655328228944395,0.00790187765741764,0.0077230422079986975,0.008032471046545359,0.008033084365040523,-0.008597966612275637,64,1032,False
ibm_phoenix,dao2psf8gn2s739nabmg,2026-09-21T01:50:05.941348+00:00,2026-09-20T18:58:57.540757+00:00,data/calibrations/ibm_phoenix_properties_2026-09-20T185845Z.json,85,20 21 22 23 25 26 28 29 30 31 32 33 34 35 36 37 38 39 40 41 42 43 44 45 46 47 48 50 51 52 53 54 56 57 58 60 64 65 66 68 69 70 71 74 75 76 78 79 80 81 82 83 84 85 86 87 88 89 90 91 92 93 94 95 96 97 98 99 100 101 102 103 104 105 106 108 109 111 112 113 115 116 117 118 119,75_85,8,1,1,16384,24292127,08fdff8aa6f93b3abf16f6374f24e71a25cdcac34558bfdc5024cd724b581c74,grid,,,,default,default,0.0037655328228944395,0.010920045186393874,0.008566416202552204,0.00800610683801732,0.008033084365040523,0.008032696635055578,-0.0035772561817497173,64,1032,False
ibm_phoenix,dao2psf8gn2s739nabmg,2026-09-21T01:50:05.941377+00:00,2026-09-20T18:58:57.540757+00:00,data/calibrations/ibm_phoenix_properties_2026-09-20T185845Z.json,85,20 21 22 23 25 26 28 29 30 31 32 33 34 35 36 37 38 39 40 41 42 43 44 45 46 47 48 50 51 52 53 54 56 57 58 60 64 65 66 68 69 70 71 74 75 76 78 79 80 81 82 83 84 85 86 87 88 89 90 91 92 93 94 95 96 97 98 99 100 101 102 103 104 105 106 108 109 111 112 113 115 116 117 118 119,75_85,8,1,1,16384,24292128,7985c95225acbf63c0f64a83a807352920e1616883d67eedf8c9e29519725d2d,grid,,,,default,default,-0.005899334755867955,-0.00037655328228944395,0.006514810248430221,0.007386076357902434,0.008033008262370592,0.00803313616560515,-0.0027613907367892553,64,1032,False
ibm_phoenix,dao2psf8gn2s739nabmg,2026-09-21T01:50:05.941406+00:00,2026-09-20T18:58:57.540757+00:00,data/calibrations/ibm_phoenix_properties_2026-09-20T185845Z.json,85,20 21 22 23 25 26 28 29 30 31 32 33 34 35 36 37 38 39 40 41 42 43 44 45 46 47 48 50 51 52 53 54 56 57 58 60 64 65 66 68 69 70 71 74 75 76 78 79 80 81 82 83 84 85 86 87 88 89 90 91 92 93 94 95 96 97 98 99 100 101 102 103 104 105 106 108 109 111 112 113 115 116 117 118 119,75_85,8,1,1,16384,24292129,e5ae3c351fcdce1371bfb5374bab93545886eaa5cfeb308c715d18ff64c08531,grid,,,,default,default,-0.002384837454499812,-0.009664867578762395,0.007530772117884707,0.008836066231397176,0.008033115701224471,0.00803279198499527,0.0036400150621312913,64,1032,False
ibm_phoenix,dao2psf8gn2s739nabmg,2026-09-21T01:50:05.941435+00:00,2026-09-20T18:58:57.540757+00:00,data/calibrations/ibm_phoenix_properties_2026-09-20T185845Z.json,85,20 21 22 23 25 26 28 29 30 31 32 33 34 35 36 37 38 39 40 41 42 43 44 45 46 47 48 50 51 52 53 54 56 57 58 60 64 65 66 68 69 70 71 74 75 76 78 79 80 81 82 83 84 85 86 87 88 89 90 91 92 93 94 95 96 97 98 99 100 101 102 103 104 105 106 108 109 111 112 113 115 116 117 118 119,75_85,8,1,1,16384,24292130,71f1af9b237795eb7e5b4b4d8587d48e7cb213c6a2245c60ee2558ff52b54a88,grid,,,,default,default,0.018827664114472197,-0.01556420233463035,0.0060651376011106595,0.006615068077531886,0.008031828491557874,0.008032242718939493,0.017195933224551273,64,1032,False
ibm_phoenix,dao2psf8gn2s739nabmg,2026-09-21T01:50:05.941464+00:00,2026-09-20T18:58:57.540757+00:00,data/calibrations/ibm_phoenix_properties_2026-09-20T185845Z.json,85,20 21 22 23 25 26 28 29 30 31 32 33 34 35 36 37 38 39 40 41 42 43 44 45 46 47 48 50 51 52 53 54 56 57 58 60 64 65 66 68 69 70 71 74 75 76 78 79 80 81 82 83 84 85 86 87 88 89 90 91 92 93 94 95 96 97 98 99 100 101 102 103 104 105 106 108 109 111 112 113 115 116 117 118 119,75_85,8,1,1,16384,24292131,ce3852237f55739558c43fd2858d4ac5da149c6ea3c18ba4fb7a8a75d0bffb91,grid,,,,default,default,-0.0031379440190786997,0.004142086105183884,0.00590530029947781,0.008521325487227468,0.008033100352904748,0.008033073376999024,-0.0036400150621312918,64,1032,False
ibm_phoenix,dao2psf8gn2s739nabmg,2026-09-21T01:50:05.941515+00:00,2026-09-20T18:58:57.540757+00:00,data/calibrations/ibm_phoenix_properties_2026-09-20T185845Z.json,85,20 21 22 23 25 26 28 29 30 31 32 33 34 35 36 37 38 39 40 41 42 43 44 45 46 47 48 50 51 52 53 54 56 57 58 60 64 65 66 68 69 70 71 74 75 76 78 79 80 81 82 83 84 85 86 87 88 89 90 91 92 93 94 95 96 97 98 99 100 101 102 103 104 105 106 108 109 111 112 113 115 116 117 118 119,75_85,8,1,1,16384,24292132,021cf0b88dc52b9cbcc9cb7f0b4263c707f07f0028cdadc88cb81ab48bb0b1ef,grid,,,,default,default,0.007405547885025731,-0.009162796535709804,0.007033727757625341,0.007087562467918289,0.008032934310116745,0.008032826868836765,0.008284172210367768,64,1032,False
ibm_phoenix,dao2psf8gn2s739nabmg,2026-09-21T01:50:05.941548+00:00,2026-09-20T18:58:57.540757+00:00,data/calibrations/ibm_phoenix_properties_2026-09-20T185845Z.json,85,20 21 22 23 25 26 28 29 30 31 32 33 34 35 36 37 38 39 40 41 42 43 44 45 46 47 48 50 51 52 53 54 56 57 58 60 64 65 66 68 69 70 71 74 75 76 78 79 80 81 82 83 84 85 86 87 88 89 90 91 92 93 94 95 96 97 98 99 100 101 102 103 104 105 106 108 109 111 112 113 115 116 117 118 119,75_85,8,1,1,16384,24292133,602dd4d7eeb50d01f3dbdc13ab652ca068e797ba19af4cb77a19424c10fa2442,grid,,,,default,default,0.0072800301242625836,-0.0008786243253420359,0.0071675816678654,0.006360009629737045,0.008032941112357205,0.00803313384010997,0.004079327224802309,64,1032,False
ibm_phoenix,dao2psf8gn2s739nabmg,2026-09-21T01:50:05.941578+00:00,2026-09-20T18:58:57.540757+00:00,data/calibrations/ibm_phoenix_properties_2026-09-20T185845Z.json,85,20 21 22 23 25 26 28 29 30 31 32 33 34 35 36 37 38 39 40 41 42 43 44 45 46 47 48 50 51 52 53 54 56 57 58 60 64 65 66 68 69 70 71 74 75 76 78 79 80 81 82 83 84 85 86 87 88 89 90 91 92 93 94 95 96 97 98 99 100 101 102 103 104 105 106 108 109 111 112 113 115 116 117 118 119,75_85,8,1,1,16384,24292134,c65d5f9efe85474a9116c5b39a4bd173d935b60fdc6f49dc10e2405c04f4a5f9,grid,,,,default,default,0.002384837454499812,0.0031379440190786997,0.008751855261854896,0.007738930698423428,0.008033115701224471,0.008033100352904748,-0.00037655328228944395,64,1032,False
ibm_phoenix,dao2psf8gn2s739nabmg,2026-09-21T01:50:05.941608+00:00,2026-09-20T18:58:57.540757+00:00,data/calibrations/ibm_phoenix_properties_2026-09-20T185845Z.json,85,20 21 22 23 25 26 28 29 30 31 32 33 34 35 36 37 38 39 40 41 42 43 44 45 46 47 48 50 51 52 53 54 56 57 58 60 64 65 66 68 69 70 71 74 75 76 78 79 80 81 82 83 84 85 86 87 88 89 90 91 92 93 94 95 96 97 98 99 100 101 102 103 104 105 106 108 109 111 112 113 115 116 117 118 119,75_85,8,1,1,16384,24292135,41463be1b467a7f36bff9390e72e03bf2b81bec0da37507b102961923c50d8ec,grid,,,,default,default,0.0017572486506840718,0.010041420861051838,0.0064661450494060925,0.007046915404283929,0.008033125293909404,0.008032764601073562,-0.004142086105183883,64,1032,False
ibm_phoenix,dao2psf8gn2s739nabmg,2026-09-21T01:50:05.941638+00:00,2026-09-20T18:58:57.540757+00:00,data/calibrations/ibm_phoenix_properties_2026-09-20T185845Z.json,85,20 21 22 23 25 26 28 29 30 31 32 33 34 35 36 37 38 39 40 41 42 43 44 45 46 47 48 50 51 52 53 54 56 57 58 60 64 65 66 68 69 70 71 74 75 76 78 79 80 81 82 83 84 85 86 87 88 89 90 91 92 93 94 95 96 97 98 99 100 101 102 103 104 105 106 108 109 111 112 113 115 116 117 118 119,75_85,8,1,1,16384,24292136,9370f5f660cf3f6a5a314f200d334f62af18c059323790aec981516a9001a39e,grid,,,,default,default,0.0022593196937366637,-0.0018827664114472197,0.006977111732624039,0.007031201064096486,0.008033117852312392,0.008033123607923185,0.002071043052591942,64,1032,False
ibm_phoenix,dao2psf8gn2s739nabmg,2026-09-21T01:50:05.941668+00:00,2026-09-20T18:58:57.540757+00:00,data/calibrations/ibm_phoenix_properties_2026-09-20T185845Z.json,85,20 21 22 23 25 26 28 29 30 31 32 33 34 35 36 37 38 39 40 41 42 43 44 45 46 47 48 50 51 52 53 54 56 57 58 60 64 65 66 68 69 70 71 74 75 76 78 79 80 81 82 83 84 85 86 87 88 89 90 91 92 93 94 95 96 97 98 99 100 101 102 103 104 105 106 108 109 111 112 113 115 116 117 118 119,75_85,8,1,1,16384,24292137,faa2a1a8d81e2027e7a6b6220ad7a5d07d98f270d1758acb72d87d5da41533f6,grid,,,,default,default,-0.0031379440190786997,-0.020961466047445712,0.009102824452238933,0.006426604348890584,0.008033100352904748,0.008031515132143225,0.008911761014183506,64,1032,False
ibm_phoenix,dao2psf8gn2s739nabmg,2026-09-21T01:50:05.941699+00:00,2026-09-20T18:58:57.540757+00:00,data/calibrations/ibm_phoenix_properties_2026-09-20T185845Z.json,85,20 21 22 23 25 26 28 29 30 31 32 33 34 35 36 37 38 39 40 41 42 43 44 45 46 47 48 50 51 52 53 54 56 57 58 60 64 65 66 68 69 70 71 74 75 76 78 79 80 81 82 83 84 85 86 87 88 89 90 91 92 93 94 95 96 97 98 99 100 101 102 103 104 105 106 108 109 111 112 113 115 116 117 118 119,75_85,8,1,1,16384,24292138,5db34b50e19d2b67aed49cd438a7e49f7d2975cd9ea372a88274b7312842a9db,grid,,,,default,default,-0.0072800301242625836,0.031379440190787,0.008090669697634032,0.00785964140668326,0.008032941112357205,0.008029502281235163,-0.019329735157524792,64,1032,False
ibm_phoenix,dao2psf8gn2s739nabmg,2026-09-21T01:50:05.941730+00:00,2026-09-20T18:58:57.540757+00:00,data/calibrations/ibm_phoenix_properties_2026-09-20T185845Z.json,85,20 21 22 23 25 26 28 29 30 31 32 33 34 35 36 37 38 39 40 41 42 43 44 45 46 47 48 50 51 52 53 54 56 57 58 60 64 65 66 68 69 70 71 74 75 76 78 79 80 81 82 83 84 85 86 87 88 89 90 91 92 93 94 95 96 97 98 99 100 101 102 103 104 105 106 108 109 111 112 113 115 116 117 118 119,75_85,8,1,1,16384,24292139,caefbef51cb8d08b9925227193068e7976dad412a473494639b2f543b3f11a79,grid,,,,default,default,0.020835948286682567,-0.01744696874607757,0.007600743698844274,0.01015162672786561,0.0080315344957719,0.008032013338224016,0.01914145851638007,64,1032,False
ibm_phoenix,dao2psf8gn2s739nabmg,2026-09-21T01:50:05.941761+00:00,2026-09-20T18:58:57.540757+00:00,data/calibrations/ibm_phoenix_properties_2026-09-20T185845Z.json,85,20 21 22 23 25 26 28 29 30 31 32 33 34 35 36 37 38 39 40 41 42 43 44 45 46 47 48 50 51 52 53 54 56 57 58 60 64 65 66 68 69 70 71 74 75 76 78 79 80 81 82 83 84 85 86 87 88 89 90 91 92 93 94 95 96 97 98 99 100 101 102 103 104 105 106 108 109 111 112 113 115 116 117 118 119,75_85,8,1,1,16384,24292140,4e92aeb94fdc3d8e1a2575c38062987d21068bdd9c3f91f4ab30225e4ea34922,grid,,,,default,default,0.0064014057989205475,-0.03338772436299736,0.00771880478353035,0.008966395908362432,0.008032985472125944,0.008029022067515983,0.019894565080958954,64,1032,False
ibm_phoenix,dao2psf8gn2s739nabmg,2026-09-21T01:50:05.941792+00:00,2026-09-20T18:58:57.540757+00:00,data/calibrations/ibm_phoenix_properties_2026-09-20T185845Z.json,85,20 21 22 23 25 26 28 29 30 31 32 33 34 35 36 37 38 39 40 41 42 43 44 45 46 47 48 50 51 52 53 54 56 57 58 60 64 65 66 68 69 70 71 74 75 76 78 79 80 81 82 83 84 85 86 87 88 89 90 91 92 93 94 95 96 97 98 99 100 101 102 103 104 105 106 108 109 111 112 113 115 116 117 118 119,75_85,8,1,1,16384,24292141,6251cfbc179c6167818825ea11dffbccc8174f2a043a9f758e8043328206f850,grid,,,,default,default,-0.012551776076314799,-0.006777959081209991,0.007311899746748069,0.006425823008503564,0.008032555294129688,0.00803296715848964,-0.002886908497552404,64,1032,False
ibm_phoenix,dao2psf8gn2s739nabmg,2026-09-21T01:50:05.941823+00:00,2026-09-20T18:58:57.540757+00:00,data/calibrations/ibm_phoenix_properties_2026-09-20T185845Z.json,85,20 21 22 23 25 26 28 29 30 31 32 33 34 35 36 37 38 39 40 41 42 43 44 45 46 47 48 50 51 52 53 54 56 57 58 60 64 65 66 68 69 70 71 74 75 76 78 79 80 81 82 83 84 85 86 87 88 89 90 91 92 93 94 95 96 97 98 99 100 101 102 103 104 105 106 108 109 111 112 113 115 116 117 118 119,75_85,8,1,1,16384,24292142,5abc41b108a26b48aa8be60ee6434fe3c66b77b87d3b955dfe4a6ca23bd2aa82,grid,,,,default,default,0.009413832057236098,0.005146228191289067,0.0060785189102620235,0.006829448571074852,0.008032809659493892,0.008033038959332613,0.0021338019329735156,64,1032,False
ibm_phoenix,dao2psf8gn2s739nabmg,2026-09-21T01:50:05.941853+00:00,2026-09-20T18:58:57.540757+00:00,data/calibrations/ibm_phoenix_properties_2026-09-20T185845Z.json,85,20 21 22 23 25 26 28 29 30 31 32 33 34 35 36 37 38 39 40 41 42 43 44 45 46 47 48 50 51 52 53 54 56 57 58 60 64 65 66 68 69 70 71 74 75 76 78 79 80 81 82 83 84 85 86 87 88 89 90 91 92 93 94 95 96 97 98 99 100 101 102 103 104 105 106 108 109 111 112 113 115 116 117 118 119,75_85,8,1,1,16384,24292143,9d6ce07dab9c15c947648c9037f5b60eb42d4d0539420800480ae9a0aca0ca76,grid,,,,default,default,-0.008535207731894062,0.009664867578762395,0.007433691316740031,0.006952062804488406,0.008032867857156947,0.00803279198499527,-0.009100037655328228,64,1032,False
ibm_phoenix,dao2psf8gn2s739nabmg,2026-09-21T01:50:05.941882+00:00,2026-09-20T18:58:57.540757+00:00,data/calibrations/ibm_phoenix_properties_2026-09-20T185845Z.json,85,20 21 22 23 25 26 28 29 30 31 32 33 34 35 36 37 38 39 40 41 42 43 44 45 46 47 48 50 51 52 53 54 56 57 58 60 64 65 66 68 69 70 71 74 75 76 78 79 80 81 82 83 84 85 86 87 88 89 90 91 92 93 94 95 96 97 98 99 100 101 102 103 104 105 106 108 109 111 112 113 115 116 117 118 119,75_85,8,1,1,16384,24292144,9b7e11708cb77beaedd28aa8b7009a1505cf0632646c80c01a26ade7f234cc3f,grid,,,,default,default,0.015940755616919794,0.004393121626710179,0.008664360146843195,0.007633627486635281,0.008032198936510289,0.008033065470250868,0.005773816995104807,64,1032,False
ibm_phoenix,dao2psf8gn2s739nabmg,2026-09-21T01:50:05.941912+00:00,2026-09-20T18:58:57.540757+00:00,data/calibrations/ibm_phoenix_properties_2026-09-20T185845Z.json,85,20 21 22 23 25 26 28 29 30 31 32 33 34 35 36 37 38 39 40 41 42 43 44 45 46 47 48 50 51 52 53 54 56 57 58 60 64 65 66 68 69 70 71 74 75 76 78 79 80 81 82 83 84 85 86 87 88 89 90 91 92 93 94 95 96 97 98 99 100 101 102 103 104 105 106 108 109 111 112 113 115 116 117 118 119,75_85,8,1,1,16384,24292145,764edc02913c397a7660f700f9dfa65a54e2e870ec2e84003ccb8dafcb85e03d,grid,,,,default,default,-0.008660725492657211,-0.001631730889920924,0.008446354035587859,0.008593814403294566,0.008032859892067128,0.008033126863620395,-0.0035144973013681437,64,1032,False
ibm_phoenix,dao2psf8gn2s739nabmg,2026-09-21T01:50:05.941944+00:00,2026-09-20T18:58:57.540757+00:00,data/calibrations/ibm_phoenix_properties_2026-09-20T185845Z.json,85,20 21 22 23 25 26 28 29 30 31 32 33 34 35 36 37 38 39 40 41 42 43 44 45 46 47 48 50 51 52 53 54 56 57 58 60 64 65 66 68 69 70 71 74 75 76 78 79 80 81 82 83 84 85 86 87 88 89 90 91 92 93 94 95 96 97 98 99 100 101 102 103 104 105 106 108 109 111 112 113 115 116 117 118 119,75_85,8,1,1,16384,24292146,d7ef16d9aeafe3a1163c6f3be2f0dc676e459f2e4fbf93878ab6459a7ee20095,grid,,,,default,default,-0.022718714698129784,-0.0030124262583155516,0.009895446451159468,0.006745340120280229,0.008031231824706131,0.008033103201648127,-0.009853144219907116,64,1032,False
ibm_phoenix,dao2psf8gn2s739nabmg,2026-09-21T01:50:05.941975+00:00,2026-09-20T18:58:57.540757+00:00,data/calibrations/ibm_phoenix_properties_2026-09-20T185845Z.json,85,20 21 22 23 25 26 28 29 30 31 32 33 34 35 36 37 38 39 40 41 42 43 44 45 46 47 48 50 51 52 53 54 56 57 58 60 64 65 66 68 69 70 71 74 75 76 78 79 80 81 82 83 84 85 86 87 88 89 90 91 92 93 94 95 96 97 98 99 100 101 102 103 104 105 106 108 109 111 112 113 115 116 117 118 119,75_85,8,1,1,16384,24292147,08c089b98e6dcaf2feeb7b0ddd65e17e089a8272de0d6b3a69de277e42f39ed7,grid,,,,default,default,-0.012175222794025355,0.0036400150621312918,0.006802304386874593,0.006403522293912416,0.008032589655727158,0.008033087795166803,-0.007907618928078324,64,1032,False
ibm_phoenix,dao2psf8gn2s739nabmg,2026-09-21T01:50:05.942005+00:00,2026-09-20T18:58:57.540757+00:00,data/calibrations/ibm_phoenix_properties_2026-09-20T185845Z.json,85,20 21 22 23 25 26 28 29 30 31 32 33 34 35 36 37 38 39 40 41 42 43 44 45 46 47 48 50 51 52 53 54 56 57 58 60 64 65 66 68 69 70 71 74 75 76 78 79 80 81 82 83 84 85 86 87 88 89 90 91 92 93 94 95 96 97 98 99 100 101 102 103 104 105 106 108 109 111 112 113 115 116 117 118 119,75_85,8,1,1,16384,24292148,84cc172ed6da6d10489634f0b5700864229edac1c8843b1d53e6e86654b5ac97,grid,,,,default,default,0.022216643655077195,-0.01129659846868332,0.008730501077797046,0.007536177880063971,0.008031315096730407,0.008032665762363033,0.016756621061880257,64,1032,False
ibm_phoenix,dao2psf8gn2s739nabmg,2026-09-21T01:50:05.942035+00:00,2026-09-20T18:58:57.540757+00:00,data/calibrations/ibm_phoenix_properties_2026-09-20T185845Z.json,85,20 21 22 23 25 26 28 29 30 31 32 33 34 35 36 37 38 39 40 41 42 43 44 45 46 47 48 50 51 52 53 54 56 57 58 60 64 65 66 68 69 70 71 74 75 76 78 79 80 81 82 83 84 85 86 87 88 89 90 91 92 93 94 95 96 97 98 99 100 101 102 103 104 105 106 108 109 111 112 113 115 116 117 118 119,75_85,8,1,1,16384,24292149,e7af37bde8a6314b245e9ee87b7516fb0726e7db6f828d54063adf991b128b1f,grid,,,,default,default,-0.0025103552152629595,-0.008158654449604619,0.00990835382805218,0.009749245047575768,0.008033113433860904,0.008032891054709307,0.00282414961717083,64,1032,False
ibm_phoenix,dao2psf8gn2s739nabmg,2026-09-21T01:50:05.942065+00:00,2026-09-20T18:58:57.540757+00:00,data/calibrations/ibm_phoenix_properties_2026-09-20T185845Z.json,85,20 21 22 23 25 26 28 29 30 31 32 33 34 35 36 37 38 39 40 41 42 43 44 45 46 47 48 50 51 52 53 54 56 57 58 60 64 65 66 68 69 70 71 74 75 76 78 79 80 81 82 83 84 85 86 87 88 89 90 91 92 93 94 95 96 97 98 99 100 101 102 103 104 105 106 108 109 111 112 113 115 116 117 118 119,75_85,8,1,1,16384,24292150,1958f0f4379a19f08f6a6af87bac5d707c6ab3b4c518d1387e20d7466888ae14,grid,,,,default,default,0.026358729760261077,-0.019455252918287938,0.008105330262218094,0.007620758667544619,0.00803057242167351,0.00803173981714273,0.022906991339274506,64,1032,False
ibm_phoenix,dao2psf8gn2s739nabmg,2026-09-21T01:50:05.942094+00:00,2026-09-20T18:58:57.540757+00:00,data/calibrations/ibm_phoenix_properties_2026-09-20T185845Z.json,85,20 21 22 23 25 26 28 29 30 31 32 33 34 35 36 37 38 39 40 41 42 43 44 45 46 47 48 50 51 52 53 54 56 57 58 60 64 65 66 68 69 70 71 74 75 76 78 79 80 81 82 83 84 85 86 87 88 89 90 91 92 93 94 95 96 97 98 99 100 101 102 103 104 105 106 108 109 111 112 113 115 116 117 118 119,75_85,8,1,1,16384,24292151,787506136671bd5177f0c167a53f2a20b63117925a1609e3be5c27a11ce6ead7,grid,,,,default,default,0.02673528304255052,-0.03640015062131292,0.008742470224083653,0.00729302693711084,0.00803049862145759,0.008028245847400478,0.03156771683193172,64,1032,False
ibm_phoenix,dao2psf8gn2s739nabmg,2026-09-21T01:50:05.942125+00:00,2026-09-20T18:58:57.540757+00:00,data/calibrations/ibm_phoenix_properties_2026-09-20T185845Z.json,85,20 21 22 23 25 26 28 29 30 31 32 33 34 35 36 37 38 39 40 41 42 43 44 45 46 47 48 50 51 52 53 54 56 57 58 60 64 65 66 68 69 70 71 74 75 76 78 79 80 81 82 83 84 85 86 87 88 89 90 91 92 93 94 95 96 97 98 99 100 101 102 103 104 105 106 108 109 111 112 113 115 116 117 118 119,75_85,8,1,1,16384,24292152,eb0f50a84d80ee9bdd081b3bafb4417bef871834a4783bdb324128dd84a18d2d,grid,,,,default,default,0.0030124262583155516,0.006150370277394251,0.007864667858174478,0.006990756671041577,0.008033103201648127,0.008032997099809864,-0.0015689720095393499,64,1032,False
ibm_phoenix,dao2psf8gn2s739nabmg,2026-09-21T01:50:05.942155+00:00,2026-09-20T18:58:57.540757+00:00,data/calibrations/ibm_phoenix_properties_2026-09-20T185845Z.json,85,20 21 22 23 25 26 28 29 30 31 32 33 34 35 36 37 38 39 40 41 42 43 44 45 46 47 48 50 51 52 53 54 56 57 58 60 64 65 66 68 69 70 71 74 75 76 78 79 80 81 82 83 84 85 86 87 88 89 90 91 92 93 94 95 96 97 98 99 100 101 102 103 104 105 106 108 109 111 112 113 115 116 117 118 119,75_85,8,1,1,16384,24292153,dfea24cbdc30304ec578b475c4299fab651668b9dae6d84a9c52e181556120f9,grid,,,,default,default,-0.013179364880130539,-0.01117108070792017,0.007851121409784868,0.008016923236931409,0.00803249569879399,0.008032676169555133,-0.0010041420861051841,64,1032,False
ibm_phoenix,dao2psf8gn2s739nabmg,2026-09-21T01:50:05.942184+00:00,2026-09-20T18:58:57.540757+00:00,data/calibrations/ibm_phoenix_properties_2026-09-20T185845Z.json,85,20 21 22 23 25 26 28 29 30 31 32 33 34 35 36 37 38 39 40 41 42 43 44 45 46 47 48 50 51 52 53 54 56 57 58 60 64 65 66 68 69 70 71 74 75 76 78 79 80 81 82 83 84 85 86 87 88 89 90 91 92 93 94 95 96 97 98 99 100 101 102 103 104 105 106 108 109 111 112 113 115 116 117 118 119,75_85,8,1,1,16384,24292154,34226ea15bc323927f051582495b8f59429ddd0750324cea78d4ffd6eb05525e,grid,,,,default,default,-0.008409689971130915,-0.000502071043052592,0.009165999771129285,0.006636436347997924,0.008032875705960356,0.00803313575864354,-0.003953809464039161,64,1032,False
ibm_phoenix,dao2psf8gn2s739nabmg,2026-09-21T01:50:05.942213+00:00,2026-09-20T18:58:57.540757+00:00,data/calibrations/ibm_phoenix_properties_2026-09-20T185845Z.json,85,20 21 22 23 25 26 28 29 30 31 32 33 34 35 36 37 38 39 40 41 42 43 44 45 46 47 48 50 51 52 53 54 56 57 58 60 64 65 66 68 69 70 71 74 75 76 78 79 80 81 82 83 84 85 86 87 88 89 90 91 92 93 94 95 96 97 98 99 100 101 102 103 104 105 106 108 109 111 112 113 115 116 117 118 119,75_85,8,1,1,16384,24292155,9749c497100cc89113cd497b598bb6153a873a4b99b562f275bb08377ac66e3e,grid,,,,default,default,-0.005271745952052215,0.006903476841973139,0.0077159005814896224,0.008603667111591563,0.008033034133870975,0.00803296082138037,-0.006087611397012678,64,1032,False
ibm_phoenix,dao2psf8gn2s739nabmg,2026-09-21T01:50:05.942243+00:00,2026-09-20T18:58:57.540757+00:00,data/calibrations/ibm_phoenix_properties_2026-09-20T185845Z.json,85,20 21 22 23 25 26 28 29 30 31 32 33 34 35 36 37 38 39 40 41 42 43 44 45 46 47 48 50 51 52 53 54 56 57 58 60 64 65 66 68 69 70 71 74 75 76 78 79 80 81 82 83 84 85 86 87 88 89 90 91 92 93 94 95 96 97 98 99 100 101 102 103 104 105 106 108 109 111 112 113 115 116 117 118 119,75_85,8,1,1,16384,24292156,5bd92d76642e49eaf8f9789d4d3660e9c48b907e1f354fbcb35b3cf4eb6fcdaa,grid,,,,default,default,-0.034642901970628845,-0.0008786243253420359,0.008850233333367466,0.00899487705974855,0.008028706795314393,0.00803313384010997,-0.016882138822643406,64,1032,False
ibm_phoenix,dao2psf8gn2s739nabmg,2026-09-21T01:50:05.942273+00:00,2026-09-20T18:58:57.540757+00:00,data/calibrations/ibm_phoenix_properties_2026-09-20T185845Z.json,85,20 21 22 23 25 26 28 29 30 31 32 33 34 35 36 37 38 39 40 41 42 43 44 45 46 47 48 50 51 52 53 54 56 57 58 60 64 65 66 68 69 70 71 74 75 76 78 79 80 81 82 83 84 85 86 87 88 89 90 91 92 93 94 95 96 97 98 99 100 101 102 103 104 105 106 108 109 111 112 113 115 116 117 118 119,75_85,8,1,1,16384,24292157,19bb082c9e0b8b84cc8ef0f19a8119eae0458af1dac6fa16fccf5daa1b5996d3,grid,,,,default,default,0.013179364880130539,-0.007907618928078322,0.006745908843571753,0.006664243361196869,0.00803249569879399,0.008032905938316645,0.01054349190410443,64,1032,False
ibm_phoenix,dao2psf8gn2s739nabmg,2026-09-21T01:50:05.942303+00:00,2026-09-20T18:58:57.540757+00:00,data/calibrations/ibm_phoenix_properties_2026-09-20T185845Z.json,85,20 21 22 23 25 26 28 29 30 31 32 33 34 35 36 37 38 39 40 41 42 43 44 45 46 47 48 50 51 52 53 54 56 57 58 60 64 65 66 68 69 70 71 74 75 76 78 79 80 81 82 83 84 85 86 87 88 89 90 91 92 93 94 95 96 97 98 99 100 101 102 103 104 105 106 108 109 111 112 113 115 116 117 118 119,75_85,8,1,1,16384,24292158,01ae35803d0889ed040a2fc5bd13fe3e6b3fd259246891ed04ae71b038fb3292,grid,,,,default,default,0.0028869084975524035,0.0064014057989205475,0.006093069199125305,0.006863105589949138,0.008033105934115313,0.008032985472125944,-0.001757248650684072,64,1032,False
ibm_phoenix,dao2psf8gn2s739nabmg,2026-09-21T01:50:05.942332+00:00,2026-09-20T18:58:57.540757+00:00,data/calibrations/ibm_phoenix_properties_2026-09-20T185845Z.json,85,20 21 22 23 25 26 28 29 30 31 32 33 34 35 36 37 38 39 40 41 42 43 44 45 46 47 48 50 51 52 53 54 56 57 58 60 64 65 66 68 69 70 71 74 75 76 78 79 80 81 82 83 84 85 86 87 88 89 90 91 92 93 94 95 96 97 98 99 100 101 102 103 104 105 106 108 109 111 112 113 115 116 117 118 119,75_85,8,1,1,16384,24292159,cb8e820b709a91a8b9774f5b1f86b9b049d56555fc842a203ec2e93eb12bf4e6,grid,,,,default,default,0.0026358729760261076,-0.008033136688841471,0.008120154714354571,0.007741512969212857,0.008033111050221592,0.008032898554655514,0.00533450483243379,64,1032,False
ibm_phoenix,dao2psf8gn2s739nabmg,2026-09-21T01:50:05.942361+00:00,2026-09-20T18:58:57.540757+00:00,data/calibrations/ibm_phoenix_properties_2026-09-20T185845Z.json,85,20 21 22 23 25 26 28 29 30 31 32 33 34 35 36 37 38 39 40 41 42 43 44 45 46 47 48 50 51 52 53 54 56 57 58 60 64 65 66 68 69 70 71 74 75 76 78 79 80 81 82 83 84 85 86 87 88 89 90 91 92 93 94 95 96 97 98 99 100 101 102 103 104 105 106 108 109 111 112 113 115 116 117 118 119,75_85,8,1,1,16384,24292160,b34e466914e4110cbe5a7f0b44080c171fa7800a3badefc3d106cfd3fa277e5e,grid,,,,default,default,0.0030124262583155516,0.007531065645788879,0.008050769259741445,0.00831597204678172,0.008033103201648127,0.008032927391592762,-0.0022593196937366637,64,1032,False
ibm_phoenix,dao2psf8gn2s739nabmg,2026-09-21T01:50:05.942391+00:00,2026-09-20T18:58:57.540757+00:00,data/calibrations/ibm_phoenix_properties_2026-09-20T185845Z.json,85,20 21 22 23 25 26 28 29 30 31 32 33 34 35 36 37 38 39 40 41 42 43 44 45 46 47 48 50 51 52 53 54 56 57 58 60 64 65 66 68 69 70 71 74 75 76 78 79 80 81 82 83 84 85 86 87 88 89 90 91 92 93 94 95 96 97 98 99 100 101 102 103 104 105 106 108 109 111 112 113 115 116 117 118 119,75_85,8,1,1,16384,24292161,7b651afc8692faef27c768a68e3c168cfabad52fa8442516a73bb4a04f0da70d,grid,,,,default,default,-0.005020710430525919,-0.0027613907367892558,0.007425733835714392,0.008915186324353189,0.008033043668515273,0.008033108550306431,-0.0011296598468683316,64,1032,False
ibm_phoenix,dao2psf8gn2s739nabmg,2026-09-21T01:50:05.942419+00:00,2026-09-20T18:58:57.540757+00:00,data/calibrations/ibm_phoenix_properties_2026-09-20T185845Z.json,85,20 21 22 23 25 26 28 29 30 31 32 33 34 35 36 37 38 39 40 41 42 43 44 45 46 47 48 50 51 52 53 54 56 57 58 60 64 65 66 68 69 70 71 74 75 76 78 79 80 81 82 83 84 85 86 87 88 89 90 91 92 93 94 95 96 97 98 99 100 101 102 103 104 105 106 108 109 111 112 113 115 116 117 118 119,75_85,8,1,1,16384,24292162,2858d1990696d2bd5cde0c7a2f00022c80f2ff4b1a7784c516cedd568502bf66,grid,,,,default,default,-0.01932973515752479,0.004016568344420736,0.008377703094248033,0.009177401516582192,0.008031757784693476,0.00803307715595679,-0.011673151750972763,64,1032,False
ibm_phoenix,dao2psf8gn2s739nabmg,2026-09-21T01:50:05.942449+00:00,2026-09-20T18:58:57.540757+00:00,data/calibrations/ibm_phoenix_properties_2026-09-20T185845Z.json,85,20 21 22 23 25 26 28 29 30 31 32 33 34 35 36 37 38 39 40 41 42 43 44 45 46 47 48 50 51 52 53 54 56 57 58 60 64 65 66 68 69 70 71 74 75 76 78 79 80 81 82 83 84 85 86 87 88 89 90 91 92 93 94 95 96 97 98 99 100 101 102 103 104 105 106 108 109 111 112 113 115 116 117 118 119,75_85,8,1,1,16384,24292163,8004820f090d552568f01097341c4aab3377b4b850d9681ff284864e0a10fe4c,grid,,,,default,default,0.013053847119367391,0.0027613907367892558,0.008318351794912771,0.006923844397977933,0.008032507850464181,0.008033108550306431,0.005146228191289068,64,1032,False
ibm_phoenix,dao2psf8gn2s739nabmg,2026-09-21T01:50:05.942494+00:00,2026-09-20T18:58:57.540757+00:00,data/calibrations/ibm_phoenix_properties_2026-09-20T185845Z.json,85,20 21 22 23 25 26 28 29 30 31 32 33 34 35 36 37 38 39 40 41 42 43 44 45 46 47 48 50 51 52 53 54 56 57 58 60 64 65 66 68 69 70 71 74 75 76 78 79 80 81 82 83 84 85 86 87 88 89 90 91 92 93 94 95 96 97 98 99 100 101 102 103 104 105 106 108 109 111 112 113 115 116 117 118 119,75_85,8,1,1,16384,24292164,7355199013eb7c16cab4d6dade1152c73cfee3e8dccd1ab1c5739c31fca56f96,grid,,,,default,default,-0.03564704405673403,0.01669386218149868,0.005368934723057011,0.007914837558117933,0.008028446191971532,0.008032108231116712,-0.026170453119116355,64,1032,False
ibm_phoenix,dao2psf8gn2s739nabmg,2026-09-21T01:50:05.942528+00:00,2026-09-20T18:58:57.540757+00:00,data/calibrations/ibm_phoenix_properties_2026-09-20T185845Z.json,85,20 21 22 23 25 26 28 29 30 31 32 33 34 35 36 37 38 39 40 41 42 43 44 45 46 47 48 50 51 52 53 54 56 57 58 60 64 65 66 68 69 70 71 74 75 76 78 79 80 81 82 83 84 85 86 87 88 89 90 91 92 93 94 95 96 97 98 99 100 101 102 103 104 105 106 108 109 111 112 113 115 116 117 118 119,75_85,8,1,1,16384,24292165,2c2459cdae85c17f7e8effb980d8be4be117547c20fe05421d5d0f94965ec85f,grid,,,,default,default,-0.0006275888038157399,0.00991590310028869,0.00843888194002951,0.00752057725327954,0.00803313523540716,0.008032773845337824,-0.005271745952052215,64,1032,False
ibm_phoenix,dao2psf8gn2s739nabmg,2026-09-21T01:50:05.942559+00:00,2026-09-20T18:58:57.540757+00:00,data/calibrations/ibm_phoenix_properties_2026-09-20T185845Z.json,85,20 21 22 23 25 26 28 29 30 31 32 33 34 35 36 37 38 39 40 41 42 43 44 45 46 47 48 50 51 52 53 54 56 57 58 60 64 65 66 68 69 70 71 74 75 76 78 79 80 81 82 83 84 85 86 87 88 89 90 91 92 93 94 95 96 97 98 99 100 101 102 103 104 105 106 108 109 111 112 113 115 116 117 118 119,75_85,8,1,1,16384,24292166,48c4dfe7f50c96e1ff63c511e39e727cb4705533d8c2b00c5feb82437835d884,grid,,,,default,default,-0.0027613907367892558,-0.0007531065645788879,0.007341314662397634,0.008405825255760873,0.008033108550306431,0.008033134595895977,-0.001004142086105184,64,1032,False
ibm_phoenix,dao2psf8gn2s739nabmg,2026-09-21T01:50:05.942589+00:00,2026-09-20T18:58:57.540757+00:00,data/calibrations/ibm_phoenix_properties_2026-09-20T185845Z.json,85,20 21 22 23 25 26 28 29 30 31 32 33 34 35 36 37 38 39 40 41 42 43 44 45 46 47 48 50 51 52 53 54 56 57 58 60 64 65 66 68 69 70 71 74 75 76 78 79 80 81 82 83 84 85 86 87 88 89 90 91 92 93 94 95 96 97 98 99 100 101 102 103 104 105 106 108 109 111 112 113 115 116 117 118 119,75_85,8,1,1,16384,24292167,9079062125faedda3eab642778739ebd2ca871a4ca07c8586a3f487da7ac56da,grid,,,,default,default,-0.009664867578762395,0.0026358729760261076,0.00898458999812972,0.007378073972938233,0.00803279198499527,0.008033111050221592,-0.006150370277394251,64,1032,False
ibm_phoenix,dao2psf8gn2s739nabmg,2026-09-21T01:50:05.942619+00:00,2026-09-20T18:58:57.540757+00:00,data/calibrations/ibm_phoenix_properties_2026-09-20T185845Z.json,85,20 21 22 23 25 26 28 29 30 31 32 33 34 35 36 37 38 39 40 41 42 43 44 45 46 47 48 50 51 52 53 54 56 57 58 60 64 65 66 68 69 70 71 74 75 76 78 79 80 81 82 83 84 85 86 87 88 89 90 91 92 93 94 95 96 97 98 99 100 101 102 103 104 105 106 108 109 111 112 113 115 116 117 118 119,75_85,8,1,1,16384,24292168,34f1ce385962041061b3e2ba7fca4fc84ce712343c38798a309ac05b1092dd49,grid,,,,default,default,-0.020208359482866825,-0.009413832057236098,0.006998686272304089,0.007835796026747315,0.008031629568766905,0.008032809659493892,-0.005397263712815363,64,1032,False
ibm_phoenix,dao2psf8gn2s739nabmg,2026-09-21T01:50:05.942649+00:00,2026-09-20T18:58:57.540757+00:00,data/calibrations/ibm_phoenix_properties_2026-09-20T185845Z.json,85,20 21 22 23 25 26 28 29 30 31 32 33 34 35 36 37 38 39 40 41 42 43 44 45 46 47 48 50 51 52 53 54 56 57 58 60 64 65 66 68 69 70 71 74 75 76 78 79 80 81 82 83 84 85 86 87 88 89 90 91 92 93 94 95 96 97 98 99 100 101 102 103 104 105 106 108 109 111 112 113 115 116 117 118 119,75_85,8,1,1,16384,24292169,6caa064f931bc3abfaebd2792af049324cf993f56e85c6725c3111497768ad97,grid,,,,default,default,0.005397263712815363,-0.020333877243629974,0.00992878174253683,0.006906808963632202,0.00803302919213015,0.00803161078685159,0.01286557047822267,64,1032,False
ibm_phoenix,dao2psf8gn2s739nabmg,2026-09-21T01:50:05.942678+00:00,2026-09-20T18:58:57.540757+00:00,data/calibrations/ibm_phoenix_properties_2026-09-20T185845Z.json,85,20 21 22 23 25 26 28 29 30 31 32 33 34 35 36 37 38 39 40 41 42 43 44 45 46 47 48 50 51 52 53 54 56 57 58 60 64 65 66 68 69 70 71 74 75 76 78 79 80 81 82 83 84 85 86 87 88 89 90 91 92 93 94 95 96 97 98 99 100 101 102 103 104 105 106 108 109 111 112 113 115 116 117 118 119,75_85,8,1,1,16384,24292170,19a10db947ad118e502de4c6f37e62b9707eb7205cd8340c0173a035df482a22,grid,,,,default,default,0.0071545123634994354,-0.020710430525919418,0.00888385097844018,0.008339393168337362,0.008032947798314436,0.00803155374305624,0.013932471444709427,64,1032,False
ibm_phoenix,dao2psf8gn2s739nabmg,2026-09-21T01:50:05.942708+00:00,2026-09-20T18:58:57.540757+00:00,data/calibrations/ibm_phoenix_properties_2026-09-20T185845Z.json,85,20 21 22 23 25 26 28 29 30 31 32 33 34 35 36 37 38 39 40 41 42 43 44 45 46 47 48 50 51 52 53 54 56 57 58 60 64 65 66 68 69 70 71 74 75 76 78 79 80 81 82 83 84 85 86 87 88 89 90 91 92 93 94 95 96 97 98 99 100 101 102 103 104 105 106 108 109 111 112 113 115 116 117 118 119,75_85,8,1,1,16384,24292171,38174b6f6bd0ab8c5f98de8fc9d3837e8892908a035e1f3193ecb1b9c7b4d267,grid,,,,default,default,0.02811597841094515,0.022718714698129784,0.006698566339428287,0.006055208891994439,0.008030219058460583,0.008031231824706131,0.0026986318564076826,64,1032,False
ibm_phoenix,dao2psf8gn2s739nabmg,2026-09-21T01:50:05.942737+00:00,2026-09-20T18:58:57.540757+00:00,data/calibrations/ibm_phoenix_properties_2026-09-20T185845Z.json,85,20 21 22 23 25 26 28 29 30 31 32 33 34 35 36 37 38 39 40 41 42 43 44 45 46 47 48 50 51 52 53 54 56 57 58 60 64 65 66 68 69 70 71 74 75 76 78 79 80 81 82 83 84 85 86 87 88 89 90 91 92 93 94 95 96 97 98 99 100 101 102 103 104 105 106 108 109 111 112 113 115 116 117 118 119,75_85,8,1,1,16384,24292172,8c69920cf47ebe1e6b16caf944098e86c3bc9e6453cfa744ff206bfd661e6b27,grid,,,,default,default,-0.028994602736287185,-0.03614911509978662,0.007137494407822283,0.00630362265268323,0.008030033821532194,0.008028313094858061,0.003577256181749717,64,1032,False
ibm_phoenix,dao2psf8gn2s739nabmg,2026-09-21T01:50:05.942767+00:00,2026-09-20T18:58:57.540757+00:00,data/calibrations/ibm_phoenix_properties_2026-09-20T185845Z.json,85,20 21 22 23 25 26 28 29 30 31 32 33 34 35 36 37 38 39 40 41 42 43 44 45 46 47 48 50 51 52 53 54 56 57 58 60 64 65 66 68 69 70 71 74 75 76 78 79 80 81 82 83 84 85 86 87 88 89 90 91 92 93 94 95 96 97 98 99 100 101 102 103 104 105 106 108 109 111 112 113 115 116 117 118 119,75_85,8,1,1,16384,24292173,8edde185bd279f9f268b84c6167acb828679dcb472758ca2317cd96695cd3f97,grid,,,,default,default,0.03188151123383959,-0.028869084975524036,0.010297038121944192,0.01002805017980274,0.00802938502239588,0.008030060633169984,0.030375298104681814,64,1032,False
ibm_phoenix,dao2psf8gn2s739nabmg,2026-09-21T01:50:05.942798+00:00,2026-09-20T18:58:57.540757+00:00,data/calibrations/ibm_phoenix_properties_2026-09-20T185845Z.json,85,20 21 22 23 25 26 28 29 30 31 32 33 34 35 36 37 38 39 40 41 42 43 44 45 46 47 48 50 51 52 53 54 56 57 58 60 64 65 66 68 69 70 71 74 75 76 78 79 80 81 82 83 84 85 86 87 88 89 90 91 92 93 94 95 96 97 98 99 100 101 102 103 104 105 106 108 109 111 112 113 115 116 117 118 119,75_85,8,1,1,16384,24292174,253b366d9c4dded92dfcc18f83a894fd47c8fe3f61e7fbe214848186cb04a944,grid,,,,default,default,0.07292581900338899,-0.09589556922304505,0.007827327040380125,0.007069804268823223,0.008013487750496573,0.00799913016051363,0.08441069411321703,64,1032,False
ibm_phoenix,dao2psf8gn2s739nabmg,2026-09-21T01:50:05.942828+00:00,2026-09-20T18:58:57.540757+00:00,data/calibrations/ibm_phoenix_properties_2026-09-20T185845Z.json,85,20 21 22 23 25 26 28 29 30 31 32 33 34 35 36 37 38 39 40 41 42 43 44 45 46 47 48 50 51 52 53 54 56 57 58 60 64 65 66 68 69 70 71 74 75 76 78 79 80 81 82 83 84 85 86 87 88 89 90 91 92 93 94 95 96 97 98 99 100 101 102 103 104 105 106 108 109 111 112 113 115 116 117 118 119,75_85,8,1,1,16384,24292175,98d7d01001c17873829ffb9871b45fba5b82cfe3a4e4170514e4e43fdd59acec,grid,,,,default,default,0.0340153131668131,0.010166938621814987,0.007655654446335848,0.008839855279426632,0.008028865887170115,0.008032755240518405,0.011924187272499057,64,1032,False
ibm_phoenix,dao2psf8gn2s739nabmg,2026-09-21T01:50:05.942859+00:00,2026-09-20T18:58:57.540757+00:00,data/calibrations/ibm_phoenix_properties_2026-09-20T185845Z.json,85,20 21 22 23 25 26 28 29 30 31 32 33 34 35 36 37 38 39 40 41 42 43 44 45 46 47 48 50 51 52 53 54 56 57 58 60 64 65 66 68 69 70 71 74 75 76 78 79 80 81 82 83 84 85 86 87 88 89 90 91 92 93 94 95 96 97 98 99 100 101 102 103 104 105 106 108 109 111 112 113 115 116 117 118 119,75_85,8,1,1,16384,24292176,b608bd0612aa960a26107c99669801b7b88c61a057416703dc190adeb3df9325,grid,,,,default,default,0.0027613907367892558,-0.001631730889920924,0.007063512233479729,0.006214991416991067,0.008033108550306431,0.008033126863620395,0.00219656081335509,64,1032,False
ibm_phoenix,dao2psf8gn2s739nabmg,2026-09-21T01:50:05.942890+00:00,2026-09-20T18:58:57.540757+00:00,data/calibrations/ibm_phoenix_properties_2026-09-20T185845Z.json,85,20 21 22 23 25 26 28 29 30 31 32 33 34 35 36 37 38 39 40 41 42 43 44 45 46 47 48 50 51 52 53 54 56 57 58 60 64 65 66 68 69 70 71 74 75 76 78 79 80 81 82 83 84 85 86 87 88 89 90 91 92 93 94 95 96 97 98 99 100 101 102 103 104 105 106 108 109 111 112 113 115 116 117 118 119,75_85,8,1,1,16384,24292177,607d0d850baf88cdb21a2964e5770444ba625e2c3d49e435756561d3e97ef87b,grid,,,,default,default,-0.0046441571482364755,0.013430400401656835,0.007705012965275598,0.009871506079725556,0.008033057098391397,0.008032471046545359,-0.009037278774946655,64,1032,False
ibm_phoenix,dao2psf8gn2s739nabmg,2026-09-21T01:50:05.942920+00:00,2026-09-20T18:58:57.540757+00:00,data/calibrations/ibm_phoenix_properties_2026-09-20T185845Z.json,85,20 21 22 23 25 26 28 29 30 31 32 33 34 35 36 37 38 39 40 41 42 43 44 45 46 47 48 50 51 52 53 54 56 57 58 60 64 65 66 68 69 70 71 74 75 76 78 79 80 81 82 83 84 85 86 87 88 89 90 91 92 93 94 95 96 97 98 99 100 101 102 103 104 105 106 108 109 111 112 113 115 116 117 118 119,75_85,8,1,1,16384,24292178,180a8529d8ec438f581b0a92bcbbfa81ae202edba4eab8fbc1e47f96849f886c,grid,,,,default,default,0.019078699635998494,-0.017572486506840717,0.007864707301993913,0.007728810787120356,0.008031793370791847,0.008031997115613603,0.018325593071419607,64,1032,False
ibm_phoenix,dao2psf8gn2s739nabmg,2026-09-21T01:50:05.942949+00:00,2026-09-20T18:58:57.540757+00:00,data/calibrations/ibm_phoenix_properties_2026-09-20T185845Z.json,85,20 21 22 23 25 26 28 29 30 31 32 33 34 35 36 37 38 39 40 41 42 43 44 45 46 47 48 50 51 52 53 54 56 57 58 60 64 65 66 68 69 70 71 74 75 76 78 79 80 81 82 83 84 85 86 87 88 89 90 91 92 93 94 95 96 97 98 99 100 101 102 103 104 105 106 108 109 111 112 113 115 116 117 118 119,75_85,8,1,1,16384,24292179,821ebf0bbaa9b879cd0fd213acb7dd5746aebd2bab439394a06c4a055ae5841a,grid,,,,default,default,-0.006024852516631103,0.022969750219656082,0.006759342973026962,0.008198651888070164,0.008033002739230502,0.00803118949055269,-0.014497301368143593,64,1032,False
ibm_phoenix,dao2psf8gn2s739nabmg,2026-09-21T01:50:05.942979+00:00,2026-09-20T18:58:57.540757+00:00,data/calibrations/ibm_phoenix_properties_2026-09-20T185845Z.json,85,20 21 22 23 25 26 28 29 30 31 32 33 34 35 36 37 38 39 40 41 42 43 44 45 46 47 48 50 51 52 53 54 56 57 58 60 64 65 66 68 69 70 71 74 75 76 78 79 80 81 82 83 84 85 86 87 88 89 90 91 92 93 94 95 96 97 98 99 100 101 102 103 104 105 106 108 109 111 112 113 115 116 117 118 119,75_85,8,1,1,16384,24292180,93229d86b9d3cafa8cc31d62e64f90ce28c27fb6535ec78b65d99a9ef597f504,grid,,,,default,default,0.03677670390360236,-0.028994602736287185,0.00732358092641537,0.007503361062382151,0.008028144102555137,0.008030033821532194,0.03288565331994477,64,1032,False
ibm_phoenix,dao2psf8gn2s739nabmg,2026-09-21T01:50:05.943009+00:00,2026-09-20T18:58:57.540757+00:00,data/calibrations/ibm_phoenix_properties_2026-09-20T185845Z.json,85,20 21 22 23 25 26 28 29 30 31 32 33 34 35 36 37 38 39 40 41 42 43 44 45 46 47 48 50 51 52 53 54 56 57 58 60 64 65 66 68 69 70 71 74 75 76 78 79 80 81 82 83 84 85 86 87 88 89 90 91 92 93 94 95 96 97 98 99 100 101 102 103 104 105 106 108 109 111 112 113 115 116 117 118 119,75_85,8,1,1,16384,24292181,a478fe6e7de25e50af63e1e441706d60a2e2a8cb84778176ab7f46ab2a750842,grid,,,,default,default,0.0021338019329735156,0.01242625831555165,0.006653588945430346,0.008485906574943665,0.008033119887124759,0.008032566864294828,-0.005146228191289067,64,1032,False
ibm_phoenix,dao2psf8gn2s739nabmg,2026-09-21T01:50:05.943039+00:00,2026-09-20T18:58:57.540757+00:00,data/calibrations/ibm_phoenix_properties_2026-09-20T185845Z.json,85,20 21 22 23 25 26 28 29 30 31 32 33 34 35 36 37 38 39 40 41 42 43 44 45 46 47 48 50 51 52 53 54 56 57 58 60 64 65 66 68 69 70 71 74 75 76 78 79 80 81 82 83 84 85 86 87 88 89 90 91 92 93 94 95 96 97 98 99 100 101 102 103 104 105 106 108 109 111 112 113 115 116 117 118 119,75_85,8,1,1,16384,24292182,9bd159b7576116f188949d6d06718542407f566fcb7430fa751310a7628ba9f9,grid,,,,default,default,-0.009162796535709804,0.009790385339525544,0.00825986795158083,0.008285965052055144,0.008032826868836765,0.008032782973311595,-0.009476590937617674,64,1032,False
ibm_phoenix,dao2psf8gn2s739nabmg,2026-09-21T01:50:05.943069+00:00,2026-09-20T18:58:57.540757+00:00,data/calibrations/ibm_phoenix_properties_2026-09-20T185845Z.json,85,20 21 22 23 25 26 28 29 30 31 32 33 34 35 36 37 38 39 40 41 42 43 44 45 46 47 48 50 51 52 53 54 56 57 58 60 64 65 66 68 69 70 71 74 75 76 78 79 80 81 82 83 84 85 86 87 88 89 90 91 92 93 94 95 96 97 98 99 100 101 102 103 104 105 106 108 109 111 112 113 115 116 117 118 119,75_85,8,1,1,16384,24292183,f2fb472a5547ddcaa035a2aff641907b50fe4b8d6c0e3e26e230a87276017d30,grid,,,,default,default,-0.020459395004393123,0.014685578009288314,0.008260141779014282,0.007937688687556102,0.008031591888595258,0.008032340806994985,-0.01757248650684072,64,1032,False
ibm_phoenix,dao2psf8gn2s739nabmg,2026-09-21T01:50:05.943099+00:00,2026-09-20T18:58:57.540757+00:00,data/calibrations/ibm_phoenix_properties_2026-09-20T185845Z.json,85,20 21 22 23 25 26 28 29 30 31 32 33 34 35 36 37 38 39 40 41 42 43 44 45 46 47 48 50 51 52 53 54 56 57 58 60 64 65 66 68 69 70 71 74 75 76 78 79 80 81 82 83 84 85 86 87 88 89 90 91 92 93 94 95 96 97 98 99 100 101 102 103 104 105 106 108 109 111 112 113 115 116 117 118 119,75_85,8,1,1,16384,24292184,16833d72e72db75f498dcbcbef34a4c357d3268361adacf39f8599ae3bc822e5,grid,,,,default,default,-0.007531065645788879,0.009790385339525544,0.008578940424909566,0.008070202115936898,0.008032927391592762,0.008032782973311595,-0.008660725492657211,64,1032,False
ibm_phoenix,dao2psf8gn2s739nabmg,2026-09-21T01:50:05.943129+00:00,2026-09-20T18:58:57.540757+00:00,data/calibrations/ibm_phoenix_properties_2026-09-20T185845Z.json,85,20 21 22 23 25 26 28 29 30 31 32 33 34 35 36 37 38 39 40 41 42 43 44 45 46 47 48 50 51 52 53 54 56 57 58 60 64 65 66 68 69 70 71 74 75 76 78 79 80 81 82 83 84 85 86 87 88 89 90 91 92 93 94 95 96 97 98 99 100 101 102 103 104 105 106 108 109 111 112 113 115 116 117 118 119,75_85,8,1,1,16384,24292185,c416456c709457055b34c799be1643315f831d78df0f40ff47091998da269389,grid,,,,default,default,-0.0046441571482364755,-0.014685578009288314,0.007457721114892959,0.007771204548088732,0.008033057098391397,0.008032340806994985,0.00502071043052592,64,1032,False
ibm_phoenix,dao2psf8gn2s739nabmg,2026-09-21T01:50:05.943159+00:00,2026-09-20T18:58:57.540757+00:00,data/calibrations/ibm_phoenix_properties_2026-09-20T185845Z.json,85,20 21 22 23 25 26 28 29 30 31 32 33 34 35 36 37 38 39 40 41 42 43 44 45 46 47 48 50 51 52 53 54 56 57 58 60 64 65 66 68 69 70 71 74 75 76 78 79 80 81 82 83 84 85 86 87 88 89 90 91 92 93 94 95 96 97 98 99 100 101 102 103 104 105 106 108 109 111 112 113 115 116 117 118 119,75_85,8,1,1,16384,24292186,e170e23aebe0fbea98639aaa18d81733f302282d5bf88c580876b41e02913c3a,grid,,,,default,default,-0.0012551776076314798,-0.0022593196937366637,0.006855240927636077,0.008101367429317502,0.00803313087510264,0.008033117852312392,0.000502071043052592,64,1032,False
ibm_phoenix,dao2psf8gn2s739nabmg,2026-09-21T01:50:05.943189+00:00,2026-09-20T18:58:57.540757+00:00,data/calibrations/ibm_phoenix_properties_2026-09-20T185845Z.json,85,20 21 22 23 25 26 28 29 30 31 32 33 34 35 36 37 38 39 40 41 42 43 44 45 46 47 48 50 51 52 53 54 56 57 58 60 64 65 66 68 69 70 71 74 75 76 78 79 80 81 82 83 84 85 86 87 88 89 90 91 92 93 94 95 96 97 98 99 100 101 102 103 104 105 106 108 109 111 112 113 115 116 117 118 119,75_85,8,1,1,16384,24292187,2d74ee210910ef1d38bb9c8d73b74e0a09cd956743bf52e913310b069ee79976,grid,,,,default,default,-0.009288314296472951,0.0022593196937366637,0.00829831376286058,0.008717726324248144,0.008032818322309608,0.008033117852312392,-0.005773816995104807,64,1032,False
ibm_phoenix,dao2psf8gn2s739nabmg,2026-09-21T01:50:05.943220+00:00,2026-09-20T18:58:57.540757+00:00,data/calibrations/ibm_phoenix_properties_2026-09-20T185845Z.json,85,20 21 22 23 25 26 28 29 30 31 32 33 34 35 36 37 38 39 40 41 42 43 44 45 46 47 48 50 51 52 53 54 56 57 58 60 64 65 66 68 69 70 71 74 75 76 78 79 80 81 82 83 84 85 86 87 88 89 90 91 92 93 94 95 96 97 98 99 100 101 102 103 104 105 106 108 109 111 112 113 115 116 117 118 119,75_85,8,1,1,16384,24292188,6fea1aca682f9586e7b9a6d8e30bf458ebe91d7098e9623c99d9110e1d833463,grid,,,,default,default,-0.000251035521526296,-0.015062131291577758,0.007918444902521396,0.008537076608690033,0.008033136456291999,0.008032299467124745,0.007405547885025731,64,1032,False
ibm_phoenix,dao2psf8gn2s739nabmg,2026-09-21T01:50:05.943250+00:00,2026-09-20T18:58:57.540757+00:00,data/calibrations/ibm_phoenix_properties_2026-09-20T185845Z.json,85,20 21 22 23 25 26 28 29 30 31 32 33 34 35 36 37 38 39 40 41 42 43 44 45 46 47 48 50 51 52 53 54 56 57 58 60 64 65 66 68 69 70 71 74 75 76 78 79 80 81 82 83 84 85 86 87 88 89 90 91 92 93 94 95 96 97 98 99 100 101 102 103 104 105 106 108 109 111 112 113 115 116 117 118 119,75_85,8,1,1,16384,24292189,16e7f84a08bad32f10ce218b5763207119df372fa1e3fb82082e909677f2c211,grid,,,,default,default,0.005773816995104807,-0.013806953683946278,0.009118741095667939,0.005754542612202227,0.008033013669230366,0.008032433195893711,0.009790385339525542,64,1032,False
ibm_phoenix,dao2psf8gn2s739nabmg,2026-09-21T01:50:05.943280+00:00,2026-09-20T18:58:57.540757+00:00,data/calibrations/ibm_phoenix_properties_2026-09-20T185845Z.json,85,20 21 22 23 25 26 28 29 30 31 32 33 34 35 36 37 38 39 40 41 42 43 44 45 46 47 48 50 51 52 53 54 56 57 58 60 64 65 66 68 69 70 71 74 75 76 78 79 80 81 82 83 84 85 86 87 88 89 90 91 92 93 94 95 96 97 98 99 100 101 102 103 104 105 106 108 109 111 112 113 115 116 117 118 119,75_85,8,1,1,16384,24292190,ffba33ffdc323cb4f34c5024e7c96419b0a3b625eb2db1930e7fa08695d887ec,grid,,,,default,default,-0.016442826659972386,-0.006275888038157399,0.009740977851250355,0.009887963340195418,0.008032138931518443,0.008032991344108426,-0.0050834693109074935,64,1032,False
ibm_phoenix,dao2psf8gn2s739nabmg,2026-09-21T01:50:05.943310+00:00,2026-09-20T18:58:57.540757+00:00,data/calibrations/ibm_phoenix_properties_2026-09-20T185845Z.json,85,20 21 22 23 25 26 28 29 30 31 32 33 34 35 36 37 38 39 40 41 42 43 44 45 46 47 48 50 51 52 53 54 56 57 58 60 64 65 66 68 69 70 71 74 75 76 78 79 80 81 82 83 84 85 86 87 88 89 90 91 92 93 94 95 96 97 98 99 100 101 102 103 104 105 106 108 109 111 112 113 115 116 117 118 119,75_85,8,1,1,16384,24292191,7bdf2847a349b2e7ee238e85f38212c9b545f4efa9868dd3c52f211f37c7ecc6,grid,,,,default,default,-0.007028994602736287,0.02786494288941885,0.007549875553689272,0.0076328434496087776,0.00803295436798873,0.00803027093566645,-0.017446968746077568,64,1032,False
ibm_phoenix,dao2psf8gn2s739nabmg,2026-09-21T01:50:05.943341+00:00,2026-09-20T18:58:57.540757+00:00,data/calibrations/ibm_phoenix_properties_2026-09-20T185845Z.json,85,20 21 22 23 25 26 28 29 30 31 32 33 34 35 36 37 38 39 40 41 42 43 44 45 46 47 48 50 51 52 53 54 56 57 58 60 64 65 66 68 69 70 71 74 75 76 78 79 80 81 82 83 84 85 86 87 88 89 90 91 92 93 94 95 96 97 98 99 100 101 102 103 104 105 106 108 109 111 112 113 115 116 117 118 119,75_85,8,1,1,16384,24292192,a06fc9fb38fbf323cad405234fddd3490204a6b7671058c2861750b2ad8c693f,grid,,,,default,default,-0.022969750219656082,0.006024852516631103,0.0083923687519212,0.007203892870122718,0.00803118949055269,0.008033002739230502,-0.014497301368143593,64,1032,False
ibm_phoenix,dao2psf8gn2s739nabmg,2026-09-21T01:50:05.943371+00:00,2026-09-20T18:58:57.540757+00:00,data/calibrations/ibm_phoenix_properties_2026-09-20T185845Z.json,85,20 21 22 23 25 26 28 29 30 31 32 33 34 35 36 37 38 39 40 41 42 43 44 45 46 47 48 50 51 52 53 54 56 57 58 60 64 65 66 68 69 70 71 74 75 76 78 79 80 81 82 83 84 85 86 87 88 89 90 91 92 93 94 95 96 97 98 99 100 101 102 103 104 105 106 108 109 111 112 113 115 116 117 118 119,75_85,8,1,1,16384,24292193,36532f8ad987573836683a735a80ee75b4b8915bbcfcf9c7ef0465896126f942,grid,,,,default,default,0.007028994602736287,0.041922932094891424,0.006006527141171156,0.008656240261154777,0.00803295436798873,0.00802664849651146,-0.017446968746077568,64,1032,False
ibm_phoenix,dao2psf8gn2s739nabmg,2026-09-21T01:50:05.943402+00:00,2026-09-20T18:58:57.540757+00:00,data/calibrations/ibm_phoenix_properties_2026-09-20T185845Z.json,85,20 21 22 23 25 26 28 29 30 31 32 33 34 35 36 37 38 39 40 41 42 43 44 45 46 47 48 50 51 52 53 54 56 57 58 60 64 65 66 68 69 70 71 74 75 76 78 79 80 81 82 83 84 85 86 87 88 89 90 91 92 93 94 95 96 97 98 99 100 101 102 103 104 105 106 108 109 111 112 113 115 116 117 118 119,75_85,8,1,1,16384,24292194,c093b88dcfca5417044a0be01ccd76b1cccde7f8702bd0dbec94039af4079529,grid,,,,default,default,0.009790385339525544,0.017698004267603866,0.00715768883792687,0.007367960450760438,0.008032782973311595,0.008031980776678958,-0.003953809464039161,64,1032,False
ibm_phoenix,dao2psf8gn2s739nabmg,2026-09-21T01:50:05.943431+00:00,2026-09-20T18:58:57.540757+00:00,data/calibrations/ibm_phoenix_properties_2026-09-20T185845Z.json,85,20 21 22 23 25 26 28 29 30 31 32 33 34 35 36 37 38 39 40 41 42 43 44 45 46 47 48 50 51 52 53 54 56 57 58 60 64 65 66 68 69 70 71 74 75 76 78 79 80 81 82 83 84 85 86 87 88 89 90 91 92 93 94 95 96 97 98 99 100 101 102 103 104 105 106 108 109 111 112 113 115 116 117 118 119,75_85,8,1,1,16384,24292195,9a05c489a287fdb3b48b1e4ed9c62b62ae00a6082684303dd1ee8deff81a5437,grid,,,,default,default,0.013932471444709426,-0.013806953683946278,0.008737686378588967,0.00887535380891389,0.008032420346399989,0.008032433195893711,0.013869712564327851,64,1032,False
ibm_phoenix,dao2psf8gn2s739nabmg,2026-09-21T01:50:05.943460+00:00,2026-09-20T18:58:57.540757+00:00,data/calibrations/ibm_phoenix_properties_2026-09-20T185845Z.json,85,20 21 22 23 25 26 28 29 30 31 32 33 34 35 36 37 38 39 40 41 42 43 44 45 46 47 48 50 51 52 53 54 56 57 58 60 64 65 66 68 69 70 71 74 75 76 78 79 80 81 82 83 84 85 86 87 88 89 90 91 92 93 94 95 96 97 98 99 100 101 102 103 104 105 106 108 109 111 112 113 115 116 117 118 119,75_85,8,1,1,16384,24292196,ebce3633101fde9ccf8a651d98a3872d727fb247b1f9f85579b5dd532f4f4ea7,grid,,,,default,default,0.015187649052340907,0.0,0.008036562537716941,0.00819430086303475,0.008032285454546607,0.008033136688841471,0.0075938245261704534,64,1032,False
ibm_phoenix,dao2psf8gn2s739nabmg,2026-09-21T01:50:05.943511+00:00,2026-09-20T18:58:57.540757+00:00,data/calibrations/ibm_phoenix_properties_2026-09-20T185845Z.json,85,20 21 22 23 25 26 28 29 30 31 32 33 34 35 36 37 38 39 40 41 42 43 44 45 46 47 48 50 51 52 53 54 56 57 58 60 64 65 66 68 69 70 71 74 75 76 78 79 80 81 82 83 84 85 86 87 88 89 90 91 92 93 94 95 96 97 98 99 100 101 102 103 104 105 106 108 109 111 112 113 115 116 117 118 119,75_85,8,1,1,16384,24292197,f0bea77e55b07ef640e95997bb174d07f4d30b28c92d310fe6fe114c52f7370b,grid,,,,default,default,-0.007028994602736287,-0.005773816995104807,0.008363670908857227,0.007880555115289671,0.00803295436798873,0.008033013669230366,-0.0006275888038157402,64,1032,False
ibm_phoenix,dao2psf8gn2s739nabmg,2026-09-21T01:50:05.943543+00:00,2026-09-20T18:58:57.540757+00:00,data/calibrations/ibm_phoenix_properties_2026-09-20T185845Z.json,85,20 21 22 23 25 26 28 29 30 31 32 33 34 35 36 37 38 39 40 41 42 43 44 45 46 47 48 50 51 52 53 54 56 57 58 60 64 65 66 68 69 70 71 74 75 76 78 79 80 81 82 83 84 85 86 87 88 89 90 91 92 93 94 95 96 97 98 99 100 101 102 103 104 105 106 108 109 111 112 113 115 116 117 118 119,75_85,8,1,1,16384,24292198,8a0ca583b86035a8b8f1dde1bfbb56f68a7f37e82f932e29bdc3bd614b7caf3c,grid,,,,default,default,0.006275888038157399,0.000125517760763148,0.0077312005973882835,0.008302189853346487,0.008032991344108426,0.008033136630704103,0.0030751851386971256,64,1032,False
ibm_phoenix,dao2psf8gn2s739nabmg,2026-09-21T01:50:05.943574+00:00,2026-09-20T18:58:57.540757+00:00,data/calibrations/ibm_phoenix_properties_2026-09-20T185845Z.json,85,20 21 22 23 25 26 28 29 30 31 32 33 34 35 36 37 38 39 40 41 42 43 44 45 46 47 48 50 51 52 53 54 56 57 58 60 64 65 66 68 69 70 71 74 75 76 78 79 80 81 82 83 84 85 86 87 88 89 90 91 92 93 94 95 96 97 98 99 100 101 102 103 104 105 106 108 109 111 112 113 115 116 117 118 119,75_85,8,1,1,16384,24292199,f9b6813228c711409a6cc2f83e82881c83fa3d7edd56d3f6577dc3a3521962d9,grid,,,,default,default,0.01066900966486758,0.0035144973013681437,0.008426749995107691,0.00833110970170227,0.008032716635380634,0.008033091109016222,0.0035772561817497177,64,1032,False
ibm_phoenix,dao2psf8gn2s739nabmg,2026-09-21T01:50:05.943604+00:00,2026-09-20T18:58:57.540757+00:00,data/calibrations/ibm_phoenix_properties_2026-09-20T185845Z.json,85,20 21 22 23 25 26 28 29 30 31 32 33 34 35 36 37 38 39 40 41 42 43 44 45 46 47 48 50 51 52 53 54 56 57 58 60 64 65 66 68 69 70 71 74 75 76 78 79 80 81 82 83 84 85 86 87 88 89 90 91 92 93 94 95 96 97 98 99 100 101 102 103 104 105 106 108 109 111 112 113 115 116 117 118 119,75_85,8,1,1,16384,24292200,cb4fd5e6187b3b8b8a9a4708fd1dd491d6d141263f179ca118ef2686b335423e,grid,,,,default,default,0.0017572486506840718,0.002384837454499812,0.00820570893905521,0.008060272689147371,0.008033125293909404,0.008033115701224471,-0.00031379440190787,64,1032,False
